,and_or,and_or,and_or,and_or,and_or,and_or,and_or,and_or,and_or,and_or,and_or,and_or,and_or,and_or,and_or,and_or,and_or,and_or,and_or,and_or,and_or,and_or,not_and_or,not_and_or,not_and_or,not_and_or,not_and_or,not_and_or,not_and_or,not_and_or,not_and_or,not_and_or,not_and_or,not_and_or,not_and_or,not_and_or,not_and_or,not_and_or,not_and_or,not_and_or,not_and_or,not_and_or,not_and_or,not_and_or,no_and_or,no_and_or,no_and_or,no_and_or,no_and_or,no_and_or,no_and_or,no_and_or,no_and_or,no_and_or,no_and_or,no_and_or,no_and_or,no_and_or,no_and_or,no_and_or,no_and_or,no_and_or,no_and_or,no_and_or,no_and_or,no_and_or,unless,unless,unless,unless,unless,unless,unless,unless,unless,unless,unless,unless,unless,unless,unless,unless,unless,unless,unless,unless,unless,unless,but_not,but_not,but_not,but_not,but_not,but_not,but_not,but_not,but_not,but_not,but_not,but_not,but_not,but_not,but_not,but_not,but_not,but_not,but_not,but_not,but_not,but_not,and_slash_or,and_slash_or,and_slash_or,and_slash_or,and_slash_or,and_slash_or,and_slash_or,and_slash_or,and_slash_or,and_slash_or,and_slash_or,and_slash_or,and_slash_or,and_slash_or,and_slash_or,and_slash_or,and_slash_or,and_slash_or,and_slash_or,and_slash_or,and_slash_or,and_slash_or,except,except,except,except,except,except,except,except,except,except,except,except,except,except,except,except,except,except,except,except,except,except,notwithstanding,notwithstanding,notwithstanding,notwithstanding,notwithstanding,notwithstanding,notwithstanding,notwithstanding,notwithstanding,notwithstanding,notwithstanding,notwithstanding,notwithstanding,notwithstanding,notwithstanding,notwithstanding,notwithstanding,notwithstanding,notwithstanding,notwithstanding,notwithstanding,notwithstanding,or_both,or_both,or_both,or_both,or_both,or_both,or_both,or_both,or_both,or_both,or_both,or_both,or_both,or_both,or_both,or_both,or_both,or_both,or_both,or_both,or_both,or_both,or_or,or_or,or_or,or_or,or_or,or_or,or_or,or_or,or_or,or_or,or_or,or_or,or_or,or_or,or_or,or_or,or_or,or_or,or_or,or_or,or_or,or_or,and_and,and_and,and_and,and_and,and_and,and_and,and_and,and_and,and_and,and_and,and_and,and_and,and_and,and_and,and_and,and_and,and_and,and_and,and_and,and_and,and_and,and_and
,1998,1999,2000,2001,2002,2003,2004,2005,2006,2007,2008,2009,2010,2011,2012,2013,2014,2015,2016,2017,2018,2019,1998,1999,2000,2001,2002,2003,2004,2005,2006,2007,2008,2009,2010,2011,2012,2013,2014,2015,2016,2017,2018,2019,1998,1999,2000,2001,2002,2003,2004,2005,2006,2007,2008,2009,2010,2011,2012,2013,2014,2015,2016,2017,2018,2019,1998,1999,2000,2001,2002,2003,2004,2005,2006,2007,2008,2009,2010,2011,2012,2013,2014,2015,2016,2017,2018,2019,1998,1999,2000,2001,2002,2003,2004,2005,2006,2007,2008,2009,2010,2011,2012,2013,2014,2015,2016,2017,2018,2019,1998,1999,2000,2001,2002,2003,2004,2005,2006,2007,2008,2009,2010,2011,2012,2013,2014,2015,2016,2017,2018,2019,1998,1999,2000,2001,2002,2003,2004,2005,2006,2007,2008,2009,2010,2011,2012,2013,2014,2015,2016,2017,2018,2019,1998,1999,2000,2001,2002,2003,2004,2005,2006,2007,2008,2009,2010,2011,2012,2013,2014,2015,2016,2017,2018,2019,1998,1999,2000,2001,2002,2003,2004,2005,2006,2007,2008,2009,2010,2011,2012,2013,2014,2015,2016,2017,2018,2019,1998,1999,2000,2001,2002,2003,2004,2005,2006,2007,2008,2009,2010,2011,2012,2013,2014,2015,2016,2017,2018,2019,1998,1999,2000,2001,2002,2003,2004,2005,2006,2007,2008,2009,2010,2011,2012,2013,2014,2015,2016,2017,2018,2019
1,8.0,8.0,8.0,8.0,9.0,9.0,9.0,9.0,9.0,9.0,9.0,9.0,9.0,9.0,9.0,9.0,9.0,9.0,9.0,9,9,9,6.0,6.0,6.0,6.0,6.0,6.0,7.0,7.0,7.0,7.0,7.0,7.0,7.0,7.0,7.0,7.0,7.0,7.0,7.0,7,7,7,2.0,2.0,2.0,2.0,2.0,2.0,2.0,2.0,2.0,2.0,2.0,2.0,2.0,2.0,2.0,2.0,2.0,2.0,2.0,2.0,2.0,2.0,2.0,2.0,2.0,2.0,2.0,2.0,2.0,2.0,2.0,2.0,2.0,2.0,2.0,2.0,2.0,2.0,2.0,2.0,2.0,2.0,2.0,2.0,,,,,,,,,,,,,,,,,,,,,,,,,,,,,,,,,,,,,,,,,,,,,1.0,1.0,1.0,1.0,1.0,1.0,1.0,1.0,1.0,1.0,1.0,1.0,1.0,1.0,1.0,1.0,1.0,1.0,1.0,1,1,1,,,,,,,,,,,,,,,,,,,,,,,,,,,,,,,,,,,,,,,,,,,,,6.0,6.0,6.0,6.0,10.0,10.0,11.0,11.0,11.0,11.0,11.0,11.0,11.0,11.0,11.0,11.0,11.0,11.0,11.0,11,11,11,20.0,20.0,20.0,20.0,20.0,20.0,20.0,20.0,20.0,20.0,20.0,20.0,20.0,20.0,20.0,20.0,20.0,20.0,20.0,20,20,20
2,355.0,357.0,360.0,365.0,438.0,445.0,441.0,445.0,445.0,468.0,470.0,470.0,475.0,483.0,490.0,489.0,428.0,432.0,433.0,437,445,450,224.0,224.0,227.0,230.0,272.0,278.0,271.0,276.0,276.0,289.0,289.0,290.0,289.0,290.0,290.0,292.0,227.0,229.0,229.0,229,241,255,39.0,39.0,39.0,39.0,42.0,43.0,43.0,44.0,44.0,46.0,46.0,46.0,46.0,46.0,46.0,48.0,43.0,43.0,43.0,44.0,44.0,44.0,25.0,25.0,25.0,25.0,28.0,28.0,25.0,27.0,27.0,28.0,28.0,28.0,28.0,28.0,28.0,28.0,26.0,26.0,26.0,26.0,27.0,29.0,7.0,7.0,7.0,7.0,7.0,7.0,7.0,7.0,7.0,7.0,7.0,7.0,8.0,8.0,8.0,8.0,7.0,7.0,7.0,7.0,7.0,7.0,,,,,,,,,,,,,,,,,,,,,,,62.0,63.0,64.0,64.0,70.0,72.0,70.0,74.0,74.0,78.0,76.0,77.0,78.0,80.0,80.0,79.0,72.0,72.0,72.0,72,73,77,4.0,4.0,4.0,4.0,4.0,4.0,4.0,4.0,4.0,4.0,4.0,4.0,3.0,3.0,3.0,3.0,3.0,3.0,3.0,3.0,3.0,3.0,9.0,9.0,9.0,9.0,13.0,13.0,13.0,13.0,13.0,14.0,14.0,14.0,14.0,14.0,14.0,14.0,10.0,10.0,10.0,10.0,10.0,10.0,489.0,490.0,497.0,500.0,584.0,587.0,583.0,595.0,595.0,618.0,615.0,610.0,610.0,613.0,615.0,619.0,459.0,461.0,462.0,466,474,481,458.0,460.0,480.0,481.0,608.0,631.0,639.0,652.0,652.0,678.0,679.0,682.0,683.0,685.0,685.0,683.0,647.0,649.0,650.0,653,665,671
3,18.0,18.0,18.0,18.0,18.0,18.0,18.0,18.0,18.0,18.0,18.0,18.0,18.0,18.0,18.0,18.0,18.0,18.0,18.0,18,18,18,9.0,9.0,9.0,9.0,9.0,9.0,9.0,9.0,7.0,7.0,7.0,7.0,7.0,7.0,7.0,7.0,7.0,7.0,7.0,7,7,7,9.0,9.0,9.0,9.0,9.0,9.0,9.0,9.0,9.0,9.0,9.0,9.0,9.0,9.0,9.0,9.0,9.0,9.0,9.0,9.0,9.0,9.0,1.0,1.0,1.0,1.0,1.0,1.0,1.0,1.0,1.0,1.0,1.0,1.0,1.0,1.0,1.0,1.0,1.0,1.0,1.0,1.0,1.0,1.0,1.0,1.0,1.0,1.0,1.0,1.0,1.0,1.0,1.0,1.0,1.0,1.0,1.0,1.0,1.0,1.0,1.0,1.0,1.0,1.0,1.0,1.0,,,,,,,,,,,,,,,,,,,,,,,8.0,8.0,8.0,8.0,8.0,8.0,8.0,8.0,7.0,7.0,7.0,7.0,7.0,7.0,7.0,7.0,7.0,7.0,7.0,7,7,7,,,,,,,,,,,,,,,,,,,,,,,,,,,,,,,,,,,,,,,,,,,,,15.0,15.0,15.0,15.0,15.0,15.0,15.0,15.0,14.0,14.0,14.0,14.0,14.0,14.0,14.0,14.0,14.0,14.0,14.0,14,14,14,24.0,24.0,24.0,24.0,24.0,24.0,24.0,24.0,20.0,20.0,20.0,20.0,20.0,20.0,20.0,20.0,20.0,20.0,20.0,20,20,20
4,15.0,15.0,18.0,18.0,18.0,18.0,18.0,18.0,18.0,19.0,19.0,19.0,19.0,19.0,19.0,19.0,19.0,19.0,19.0,19,18,18,11.0,11.0,15.0,15.0,15.0,15.0,15.0,15.0,15.0,15.0,15.0,15.0,15.0,15.0,15.0,16.0,16.0,16.0,16.0,16,16,16,,,1.0,1.0,1.0,1.0,1.0,1.0,1.0,1.0,1.0,1.0,1.0,1.0,1.0,1.0,1.0,1.0,1.0,1.0,1.0,1.0,,,,,,,,,,,,,,,,,,,,,,,,,,,,,,,,,1.0,1.0,1.0,1.0,1.0,1.0,1.0,1.0,1.0,1.0,1.0,1.0,,,,,,,,,,,,,,,,,,,,,,,3.0,3.0,3.0,3.0,3.0,3.0,3.0,3.0,3.0,3.0,2.0,2.0,2.0,2.0,2.0,2.0,2.0,2.0,2.0,2,2,2,,,,,,,,,,,,,,,,,,,,,,,1.0,1.0,1.0,1.0,1.0,1.0,1.0,1.0,1.0,1.0,1.0,1.0,1.0,1.0,1.0,1.0,1.0,1.0,1.0,1.0,1.0,1.0,39.0,39.0,47.0,47.0,47.0,47.0,47.0,47.0,48.0,50.0,50.0,50.0,50.0,50.0,50.0,50.0,50.0,50.0,50.0,50,49,49,11.0,11.0,12.0,12.0,12.0,12.0,12.0,12.0,12.0,12.0,12.0,12.0,12.0,12.0,12.0,12.0,12.0,12.0,12.0,12,12,12
5,667.0,667.0,672.0,675.0,684.0,696.0,717.0,719.0,722.0,732.0,729.0,732.0,736.0,737.0,747.0,761.0,762.0,762.0,765.0,767,767,772,468.0,467.0,476.0,483.0,490.0,502.0,516.0,516.0,519.0,522.0,517.0,520.0,525.0,526.0,538.0,541.0,545.0,544.0,552.0,558,560,568,63.0,63.0,63.0,63.0,63.0,63.0,64.0,65.0,65.0,66.0,67.0,69.0,69.0,70.0,70.0,70.0,71.0,71.0,70.0,71.0,71.0,72.0,48.0,49.0,50.0,50.0,49.0,50.0,51.0,51.0,51.0,51.0,50.0,50.0,51.0,51.0,52.0,52.0,52.0,53.0,54.0,54.0,54.0,54.0,14.0,14.0,14.0,14.0,14.0,14.0,14.0,15.0,15.0,15.0,15.0,15.0,15.0,15.0,15.0,15.0,15.0,15.0,15.0,15.0,15.0,15.0,,,,,,,,,,,,,,,,,,,,,,,98.0,99.0,100.0,101.0,103.0,105.0,105.0,105.0,106.0,106.0,106.0,106.0,106.0,106.0,106.0,106.0,106.0,107.0,107.0,107,107,108,10.0,10.0,10.0,10.0,10.0,10.0,10.0,10.0,10.0,9.0,9.0,9.0,9.0,9.0,9.0,9.0,10.0,10.0,10.0,10.0,10.0,10.0,19.0,19.0,19.0,19.0,19.0,19.0,19.0,19.0,19.0,19.0,19.0,19.0,19.0,19.0,19.0,19.0,19.0,19.0,19.0,19.0,19.0,19.0,915.0,916.0,925.0,929.0,936.0,944.0,951.0,952.0,954.0,956.0,957.0,960.0,960.0,964.0,979.0,983.0,985.0,989.0,996.0,998,999,1004,508.0,511.0,513.0,515.0,526.0,541.0,546.0,545.0,551.0,554.0,554.0,559.0,572.0,572.0,569.0,568.0,574.0,574.0,580.0,583,587,593
6,,,,,63.0,68.0,74.0,76.0,128.0,219.0,220.0,222.0,221.0,222.0,223.0,224.0,247.0,283.0,311.0,312,335,343,,,,,51.0,51.0,55.0,55.0,78.0,135.0,136.0,139.0,139.0,139.0,139.0,139.0,152.0,170.0,187.0,188,194,195,,,,,4.0,4.0,5.0,5.0,5.0,5.0,5.0,5.0,5.0,5.0,5.0,5.0,7.0,7.0,7.0,7.0,8.0,8.0,,,,,5.0,7.0,8.0,9.0,10.0,16.0,16.0,16.0,16.0,16.0,16.0,16.0,16.0,16.0,17.0,17.0,19.0,19.0,,,,,2.0,2.0,3.0,3.0,4.0,4.0,4.0,4.0,4.0,4.0,4.0,5.0,5.0,5.0,6.0,6.0,6.0,6.0,,,,,,,,,1.0,1.0,1.0,1.0,1.0,2.0,2.0,2.0,2.0,2.0,2.0,2.0,2.0,2.0,,,,,8.0,8.0,8.0,8.0,10.0,18.0,18.0,18.0,18.0,18.0,18.0,18.0,18.0,19.0,21.0,21,22,22,,,,,5.0,5.0,5.0,5.0,5.0,5.0,5.0,5.0,5.0,6.0,6.0,6.0,6.0,6.0,5.0,5.0,5.0,5.0,,,,,,,,,,1.0,1.0,1.0,1.0,1.0,1.0,1.0,1.0,1.0,1.0,1.0,1.0,1.0,,,,,92.0,91.0,102.0,103.0,143.0,270.0,270.0,271.0,272.0,274.0,274.0,275.0,294.0,350.0,369.0,372,393,399,,,,,191.0,199.0,240.0,240.0,409.0,683.0,685.0,688.0,699.0,699.0,699.0,699.0,736.0,795.0,941.0,959,1021,1050
7,1942.0,1952.0,1949.0,1950.0,2066.0,2068.0,2045.0,2050.0,2046.0,2048.0,2119.0,2118.0,2158.0,2176.0,2185.0,2184.0,2242.0,2243.0,2246.0,2235,2287,2290,1280.0,1286.0,1307.0,1307.0,1370.0,1370.0,1346.0,1346.0,1346.0,1345.0,1409.0,1412.0,1421.0,1439.0,1447.0,1447.0,1481.0,1486.0,1491.0,1491,1520,1530,173.0,175.0,177.0,177.0,175.0,175.0,160.0,161.0,161.0,161.0,164.0,164.0,166.0,168.0,168.0,168.0,176.0,176.0,177.0,176.0,179.0,181.0,144.0,145.0,147.0,147.0,150.0,150.0,149.0,149.0,149.0,149.0,158.0,158.0,161.0,164.0,164.0,164.0,169.0,169.0,169.0,169.0,170.0,170.0,59.0,61.0,60.0,60.0,60.0,60.0,57.0,57.0,57.0,57.0,60.0,60.0,61.0,62.0,62.0,62.0,63.0,63.0,63.0,63.0,62.0,62.0,53.0,49.0,48.0,48.0,48.0,48.0,48.0,49.0,49.0,49.0,49.0,49.0,49.0,49.0,65.0,65.0,65.0,65.0,65.0,65.0,65.0,65.0,263.0,264.0,274.0,274.0,272.0,272.0,263.0,263.0,263.0,263.0,280.0,279.0,288.0,288.0,290.0,290.0,289.0,290.0,290.0,290,288,286,19.0,19.0,20.0,21.0,18.0,18.0,18.0,20.0,20.0,20.0,20.0,20.0,20.0,21.0,21.0,21.0,21.0,21.0,21.0,21.0,21.0,22.0,104.0,104.0,102.0,102.0,101.0,101.0,100.0,100.0,100.0,99.0,100.0,100.0,100.0,102.0,102.0,102.0,103.0,103.0,103.0,103.0,100.0,100.0,2470.0,2487.0,2568.0,2568.0,2727.0,2728.0,2704.0,2707.0,2706.0,2708.0,2832.0,2833.0,2877.0,2909.0,2912.0,2912.0,2962.0,2962.0,2975.0,2968,3058,3058,2606.0,2624.0,2651.0,2652.0,2787.0,2791.0,2766.0,2791.0,2790.0,2793.0,2896.0,2902.0,2943.0,2943.0,2942.0,2941.0,3019.0,3021.0,3021.0,3009,3157,3160
8,373.0,377.0,396.0,402.0,409.0,413.0,422.0,439.0,441.0,448.0,455.0,455.0,456.0,455.0,455.0,463.0,463.0,466.0,466.0,468,469,470,311.0,312.0,329.0,338.0,344.0,350.0,359.0,384.0,385.0,389.0,402.0,402.0,402.0,402.0,402.0,404.0,404.0,406.0,406.0,406,407,407,48.0,48.0,52.0,52.0,52.0,56.0,57.0,58.0,58.0,58.0,60.0,60.0,60.0,60.0,60.0,60.0,60.0,60.0,60.0,61.0,61.0,61.0,35.0,36.0,38.0,39.0,40.0,43.0,44.0,47.0,47.0,47.0,51.0,51.0,51.0,51.0,51.0,52.0,52.0,52.0,52.0,52.0,52.0,52.0,4.0,4.0,4.0,4.0,4.0,4.0,4.0,4.0,4.0,4.0,5.0,5.0,5.0,5.0,5.0,5.0,5.0,5.0,5.0,5.0,5.0,5.0,2.0,2.0,2.0,2.0,2.0,3.0,3.0,3.0,3.0,3.0,3.0,3.0,3.0,3.0,3.0,3.0,3.0,3.0,3.0,3.0,3.0,3.0,43.0,45.0,43.0,43.0,44.0,44.0,44.0,48.0,48.0,50.0,50.0,50.0,50.0,50.0,50.0,50.0,50.0,50.0,50.0,50,50,50,3.0,3.0,3.0,3.0,3.0,3.0,3.0,3.0,3.0,3.0,3.0,4.0,4.0,4.0,4.0,4.0,4.0,4.0,4.0,4.0,4.0,4.0,26.0,26.0,26.0,26.0,26.0,26.0,26.0,29.0,29.0,29.0,29.0,29.0,29.0,29.0,29.0,30.0,30.0,30.0,30.0,30.0,30.0,30.0,552.0,558.0,591.0,591.0,596.0,601.0,614.0,657.0,660.0,669.0,690.0,689.0,689.0,689.0,689.0,693.0,693.0,697.0,697.0,697,701,701,274.0,272.0,289.0,291.0,325.0,331.0,355.0,365.0,365.0,371.0,389.0,391.0,392.0,392.0,392.0,391.0,391.0,394.0,394.0,395,395,395
9,12.0,12.0,12.0,12.0,12.0,12.0,12.0,12.0,12.0,12.0,12.0,12.0,12.0,12.0,12.0,12.0,12.0,12.0,12.0,12,12,12,3.0,3.0,3.0,3.0,3.0,3.0,3.0,3.0,3.0,3.0,3.0,3.0,3.0,3.0,3.0,3.0,3.0,3.0,3.0,3,3,3,2.0,2.0,2.0,2.0,2.0,2.0,2.0,2.0,2.0,2.0,2.0,2.0,2.0,2.0,2.0,2.0,2.0,2.0,2.0,2.0,2.0,2.0,2.0,2.0,2.0,2.0,2.0,2.0,2.0,2.0,2.0,2.0,2.0,2.0,2.0,2.0,2.0,2.0,2.0,2.0,2.0,2.0,2.0,2.0,,,,,,,,,,,,,,,,,,,,,,,,,,,,,,,,,,,,,,,,,,,,,1.0,1.0,1.0,1.0,1.0,1.0,1.0,1.0,1.0,1.0,1.0,1.0,1.0,1.0,1.0,1.0,1.0,1.0,1.0,1,1,1,,,,,,,,,,,,,,,,,,,,,,,,,,,,,,,,,,,,,,,,,,,,,16.0,16.0,16.0,16.0,16.0,16.0,16.0,16.0,16.0,16.0,16.0,16.0,16.0,16.0,16.0,16.0,16.0,16.0,16.0,16,16,16,2.0,2.0,2.0,2.0,2.0,2.0,2.0,2.0,2.0,2.0,2.0,2.0,2.0,2.0,2.0,2.0,2.0,2.0,2.0,2,2,2
10,988.0,1003.0,1028.0,1053.0,1077.0,1073.0,1092.0,1107.0,1150.0,1153.0,1206.0,1233.0,1249.0,1266.0,1296.0,1316.0,1326.0,1351.0,1416.0,1454,1458,1493,736.0,763.0,788.0,823.0,829.0,844.0,876.0,890.0,939.0,944.0,980.0,1008.0,1026.0,1033.0,1047.0,1055.0,1063.0,1072.0,1105.0,1123,1118,1149,68.0,68.0,69.0,70.0,73.0,73.0,76.0,75.0,81.0,82.0,79.0,79.0,80.0,81.0,82.0,83.0,84.0,85.0,80.0,80.0,84.0,91.0,89.0,90.0,92.0,89.0,89.0,89.0,92.0,94.0,96.0,96.0,96.0,98.0,98.0,96.0,98.0,100.0,101.0,101.0,104.0,106.0,104.0,105.0,21.0,21.0,19.0,19.0,19.0,20.0,20.0,19.0,20.0,20.0,22.0,22.0,22.0,22.0,23.0,23.0,23.0,23.0,23.0,23.0,24.0,24.0,,,,,,,,,,,,,,,,,,,,,,,114.0,118.0,115.0,117.0,120.0,120.0,119.0,121.0,131.0,131.0,133.0,132.0,146.0,144.0,147.0,148.0,150.0,151.0,154.0,154,147,149,9.0,9.0,9.0,10.0,10.0,10.0,11.0,11.0,11.0,11.0,11.0,11.0,11.0,13.0,14.0,15.0,15.0,15.0,16.0,16.0,16.0,16.0,26.0,28.0,29.0,30.0,30.0,30.0,30.0,30.0,31.0,31.0,31.0,31.0,30.0,30.0,30.0,30.0,30.0,30.0,30.0,30.0,27.0,27.0,1340.0,1369.0,1407.0,1438.0,1458.0,1477.0,1508.0,1519.0,1614.0,1632.0,1678.0,1696.0,1739.0,1773.0,1803.0,1830.0,1849.0,1874.0,1909.0,1931,1967,2017,1102.0,1140.0,1177.0,1201.0,1264.0,1282.0,1326.0,1353.0,1416.0,1416.0,1484.0,1553.0,1562.0,1607.0,1655.0,1673.0,1681.0,1703.0,1749.0,1808,1849,1926
11,141.0,141.0,145.0,145.0,145.0,145.0,145.0,214.0,210.0,210.0,210.0,210.0,209.0,209.0,209.0,209.0,209.0,209.0,209.0,210,210,211,198.0,198.0,198.0,198.0,198.0,198.0,198.0,270.0,274.0,274.0,275.0,275.0,274.0,274.0,274.0,274.0,275.0,275.0,275.0,276,276,280,5.0,5.0,5.0,5.0,5.0,5.0,5.0,12.0,12.0,12.0,12.0,12.0,12.0,12.0,12.0,12.0,12.0,12.0,12.0,12.0,12.0,12.0,35.0,35.0,35.0,35.0,35.0,35.0,35.0,39.0,39.0,39.0,39.0,39.0,40.0,40.0,40.0,40.0,40.0,40.0,40.0,40.0,40.0,40.0,10.0,10.0,10.0,10.0,10.0,10.0,10.0,12.0,12.0,12.0,12.0,12.0,12.0,12.0,12.0,12.0,12.0,12.0,12.0,12.0,12.0,12.0,,,,,,,,,,,,,,,,,,,,,,,34.0,34.0,36.0,36.0,36.0,36.0,36.0,38.0,38.0,38.0,38.0,38.0,38.0,38.0,38.0,38.0,38.0,38.0,38.0,38,38,41,8.0,8.0,8.0,8.0,8.0,8.0,8.0,11.0,11.0,11.0,11.0,11.0,11.0,11.0,11.0,11.0,11.0,11.0,11.0,11.0,11.0,11.0,,,,,,,,,,,,,,,,,,,,,,,344.0,344.0,348.0,348.0,351.0,351.0,351.0,479.0,478.0,478.0,478.0,478.0,480.0,479.0,479.0,479.0,479.0,479.0,479.0,479,479,482,86.0,86.0,90.0,90.0,90.0,90.0,90.0,138.0,138.0,138.0,138.0,138.0,138.0,138.0,138.0,138.0,138.0,138.0,138.0,139,139,144
12,1765.0,1804.0,1804.0,1807.0,1808.0,1819.0,1825.0,1837.0,1837.0,1837.0,1928.0,1935.0,2217.0,2172.0,2187.0,2187.0,2188.0,2188.0,2189.0,2189,2209,2209,1131.0,1183.0,1186.0,1179.0,1179.0,1193.0,1193.0,1205.0,1212.0,1212.0,1281.0,1286.0,1457.0,1419.0,1415.0,1415.0,1420.0,1426.0,1426.0,1427,1446,1445,169.0,170.0,172.0,171.0,171.0,173.0,172.0,172.0,177.0,177.0,191.0,191.0,214.0,208.0,208.0,208.0,208.0,206.0,206.0,206.0,213.0,213.0,112.0,118.0,115.0,115.0,115.0,116.0,116.0,118.0,116.0,116.0,121.0,121.0,140.0,135.0,136.0,136.0,136.0,137.0,138.0,138.0,140.0,140.0,29.0,29.0,31.0,31.0,32.0,32.0,32.0,32.0,32.0,32.0,31.0,31.0,32.0,32.0,33.0,33.0,33.0,32.0,32.0,32.0,32.0,32.0,17.0,17.0,17.0,17.0,17.0,17.0,17.0,17.0,17.0,17.0,17.0,17.0,17.0,17.0,17.0,17.0,17.0,17.0,17.0,17.0,17.0,17.0,278.0,279.0,274.0,273.0,267.0,268.0,265.0,265.0,266.0,266.0,273.0,275.0,313.0,309.0,309.0,309.0,312.0,312.0,312.0,312,309,309,22.0,23.0,23.0,22.0,22.0,22.0,22.0,24.0,24.0,24.0,27.0,27.0,30.0,29.0,29.0,29.0,29.0,29.0,29.0,29.0,30.0,30.0,31.0,30.0,32.0,32.0,32.0,32.0,32.0,32.0,32.0,32.0,32.0,31.0,35.0,35.0,35.0,35.0,35.0,35.0,35.0,35.0,34.0,34.0,2610.0,2695.0,2689.0,2689.0,2692.0,2710.0,2723.0,2802.0,2849.0,2849.0,3009.0,3022.0,3479.0,3389.0,3396.0,3396.0,3402.0,3396.0,3396.0,3396,3459,3460,1764.0,1784.0,1773.0,1773.0,1776.0,1780.0,1780.0,1786.0,1793.0,1793.0,1897.0,1907.0,2206.0,2136.0,2161.0,2161.0,2162.0,2169.0,2172.0,2172,2157,2160
13,20.0,20.0,20.0,20.0,20.0,20.0,20.0,20.0,20.0,20.0,20.0,20.0,20.0,20.0,20.0,20.0,20.0,20.0,20.0,20,20,20,22.0,22.0,22.0,22.0,26.0,26.0,26.0,26.0,26.0,26.0,26.0,26.0,26.0,26.0,26.0,26.0,26.0,26.0,26.0,26,26,26,,,,,,,,,,,,,,,,,,,,,,,,,,,,,,,,,,,,,,,,,,,,,1.0,1.0,1.0,1.0,1.0,1.0,1.0,1.0,1.0,1.0,1.0,1.0,1.0,1.0,1.0,1.0,1.0,1.0,1.0,1.0,1.0,1.0,,,,,,,,,,,,,,,,,,,,,,,5.0,5.0,5.0,5.0,5.0,5.0,5.0,5.0,5.0,5.0,5.0,5.0,5.0,5.0,5.0,5.0,5.0,5.0,5.0,5,5,5,,,,,,,,,,,,,,,,,,,,,,,5.0,5.0,5.0,5.0,7.0,7.0,7.0,7.0,7.0,7.0,7.0,7.0,7.0,7.0,7.0,7.0,7.0,7.0,7.0,7.0,7.0,7.0,52.0,52.0,52.0,52.0,57.0,57.0,57.0,57.0,57.0,57.0,57.0,57.0,57.0,57.0,57.0,57.0,57.0,57.0,57.0,57,57,57,35.0,35.0,35.0,35.0,36.0,36.0,36.0,36.0,36.0,36.0,36.0,36.0,36.0,36.0,36.0,36.0,36.0,36.0,36.0,36,36,36
14,92.0,93.0,93.0,93.0,96.0,96.0,104.0,104.0,107.0,107.0,107.0,107.0,160.0,160.0,167.0,167.0,171.0,171.0,179.0,179,182,182,77.0,77.0,77.0,77.0,86.0,86.0,88.0,88.0,88.0,88.0,88.0,88.0,97.0,97.0,103.0,103.0,103.0,103.0,110.0,110,113,113,7.0,7.0,7.0,7.0,7.0,7.0,8.0,8.0,8.0,8.0,8.0,8.0,14.0,14.0,14.0,14.0,14.0,14.0,16.0,16.0,13.0,13.0,9.0,9.0,9.0,9.0,10.0,10.0,10.0,10.0,10.0,10.0,10.0,10.0,13.0,13.0,14.0,14.0,14.0,14.0,15.0,15.0,14.0,14.0,3.0,3.0,3.0,3.0,3.0,3.0,4.0,4.0,4.0,4.0,4.0,4.0,4.0,4.0,4.0,4.0,4.0,4.0,4.0,4.0,4.0,4.0,,,,,,,,,,,,,,,,,,,,,,,12.0,12.0,12.0,12.0,11.0,11.0,11.0,11.0,11.0,11.0,11.0,11.0,14.0,14.0,14.0,14.0,15.0,15.0,15.0,15,15,15,1.0,1.0,1.0,1.0,1.0,1.0,1.0,1.0,1.0,1.0,1.0,1.0,1.0,1.0,1.0,1.0,1.0,1.0,1.0,1.0,1.0,1.0,3.0,3.0,3.0,3.0,3.0,3.0,3.0,3.0,3.0,3.0,3.0,3.0,3.0,3.0,3.0,3.0,3.0,3.0,3.0,3.0,3.0,3.0,108.0,108.0,108.0,108.0,109.0,109.0,120.0,120.0,120.0,120.0,120.0,120.0,174.0,174.0,182.0,182.0,188.0,188.0,187.0,187,188,188,114.0,117.0,117.0,117.0,126.0,126.0,132.0,133.0,133.0,133.0,133.0,133.0,189.0,189.0,188.0,188.0,201.0,201.0,220.0,220,222,222
15,2308.0,2369.0,2425.0,2435.0,2503.0,2542.0,2562.0,2441.0,2472.0,2492.0,2544.0,2554.0,2709.0,2763.0,2781.0,2782.0,2792.0,2809.0,2860.0,2874,2906,2911,1463.0,1549.0,1609.0,1624.0,1666.0,1703.0,1730.0,1684.0,1731.0,1744.0,1778.0,1791.0,1886.0,1928.0,1964.0,1963.0,1971.0,1985.0,2023.0,2025,2054,2061,211.0,219.0,226.0,226.0,229.0,234.0,237.0,226.0,231.0,231.0,242.0,246.0,263.0,264.0,272.0,272.0,274.0,273.0,286.0,286.0,286.0,285.0,199.0,208.0,213.0,214.0,218.0,221.0,223.0,211.0,214.0,215.0,220.0,221.0,236.0,237.0,239.0,239.0,239.0,236.0,240.0,240.0,243.0,243.0,42.0,43.0,46.0,44.0,44.0,46.0,46.0,45.0,45.0,45.0,45.0,46.0,46.0,48.0,50.0,50.0,50.0,50.0,50.0,50.0,52.0,52.0,34.0,34.0,34.0,25.0,25.0,25.0,25.0,21.0,21.0,21.0,21.0,21.0,21.0,21.0,21.0,21.0,21.0,22.0,22.0,22.0,22.0,22.0,250.0,265.0,279.0,279.0,285.0,290.0,290.0,284.0,286.0,288.0,287.0,288.0,299.0,303.0,309.0,309.0,308.0,307.0,308.0,308,309,308,36.0,38.0,38.0,38.0,38.0,38.0,38.0,37.0,37.0,36.0,36.0,36.0,37.0,37.0,37.0,37.0,37.0,37.0,38.0,38.0,38.0,38.0,86.0,87.0,87.0,91.0,92.0,95.0,93.0,90.0,92.0,92.0,90.0,90.0,91.0,91.0,92.0,92.0,92.0,92.0,94.0,93.0,93.0,93.0,4215.0,4365.0,4476.0,4483.0,4589.0,4663.0,4705.0,4460.0,4531.0,4554.0,4647.0,4677.0,4978.0,5044.0,5102.0,5102.0,5114.0,5137.0,5218.0,5226,5273,5291,2572.0,2654.0,2710.0,2724.0,2819.0,2866.0,2918.0,2888.0,2905.0,2914.0,2990.0,2996.0,3115.0,3143.0,3158.0,3161.0,3200.0,3212.0,3319.0,3413,3502,3522
16,2648.0,2654.0,2723.0,2723.0,2734.0,2756.0,2770.0,2794.0,2844.0,2844.0,2867.0,2888.0,2890.0,2890.0,2893.0,2893.0,2708.0,2699.0,2722.0,2727,2742,2778,1406.0,1411.0,1472.0,1474.0,1494.0,1517.0,1521.0,1541.0,1568.0,1568.0,1579.0,1601.0,1602.0,1604.0,1605.0,1608.0,1522.0,1519.0,1531.0,1531,1544,1555,319.0,327.0,335.0,335.0,334.0,341.0,339.0,339.0,344.0,344.0,346.0,347.0,347.0,347.0,347.0,347.0,334.0,335.0,335.0,337.0,341.0,343.0,104.0,105.0,111.0,111.0,110.0,110.0,113.0,113.0,112.0,112.0,113.0,116.0,116.0,116.0,116.0,116.0,107.0,107.0,108.0,108.0,110.0,111.0,127.0,127.0,132.0,132.0,131.0,132.0,131.0,132.0,132.0,132.0,131.0,132.0,132.0,132.0,132.0,132.0,124.0,124.0,124.0,124.0,124.0,124.0,49.0,49.0,48.0,48.0,48.0,48.0,48.0,51.0,51.0,51.0,51.0,52.0,52.0,52.0,52.0,52.0,46.0,46.0,46.0,46.0,46.0,46.0,371.0,372.0,387.0,387.0,388.0,391.0,392.0,394.0,405.0,405.0,408.0,418.0,441.0,441.0,441.0,441.0,428.0,431.0,433.0,435,436,444,34.0,34.0,35.0,35.0,37.0,37.0,37.0,37.0,37.0,37.0,37.0,38.0,38.0,38.0,38.0,38.0,36.0,36.0,36.0,36.0,37.0,38.0,102.0,102.0,103.0,103.0,100.0,100.0,100.0,100.0,100.0,100.0,100.0,103.0,103.0,103.0,103.0,103.0,99.0,96.0,96.0,96.0,97.0,97.0,2522.0,2532.0,2600.0,2600.0,2614.0,2645.0,2653.0,2689.0,2748.0,2748.0,2778.0,2812.0,2809.0,2810.0,2813.0,2812.0,2659.0,2670.0,2703.0,2710,2727,2762,5353.0,5383.0,5627.0,5630.0,5671.0,5727.0,5743.0,5773.0,5888.0,5891.0,5931.0,6022.0,6026.0,6028.0,6036.0,6036.0,5628.0,5634.0,5680.0,5692,5726,5819
17,180.0,175.0,175.0,175.0,187.0,187.0,202.0,202.0,202.0,202.0,200.0,200.0,198.0,198.0,198.0,198.0,198.0,198.0,198.0,198,221,219,156.0,163.0,163.0,163.0,167.0,167.0,173.0,175.0,175.0,175.0,177.0,177.0,175.0,175.0,175.0,175.0,175.0,175.0,175.0,175,219,219,52.0,52.0,52.0,52.0,54.0,54.0,58.0,58.0,57.0,57.0,57.0,57.0,57.0,57.0,57.0,57.0,57.0,57.0,57.0,57.0,68.0,68.0,16.0,16.0,16.0,16.0,16.0,16.0,15.0,15.0,15.0,15.0,14.0,14.0,13.0,13.0,13.0,13.0,13.0,13.0,13.0,13.0,17.0,17.0,6.0,6.0,6.0,6.0,6.0,6.0,8.0,8.0,8.0,8.0,8.0,8.0,8.0,8.0,8.0,8.0,8.0,8.0,8.0,8.0,8.0,8.0,,,,,,,,,,,,,,,,,,,,,,,27.0,28.0,28.0,28.0,30.0,30.0,32.0,32.0,32.0,32.0,29.0,29.0,27.0,27.0,27.0,27.0,27.0,27.0,27.0,27,31,31,,,,,,,,,,,,,,,,,,,,,,,8.0,8.0,8.0,8.0,9.0,9.0,9.0,9.0,9.0,9.0,9.0,9.0,9.0,9.0,9.0,9.0,9.0,9.0,9.0,9.0,9.0,9.0,299.0,301.0,301.0,301.0,312.0,312.0,323.0,326.0,325.0,325.0,320.0,320.0,314.0,314.0,314.0,314.0,314.0,314.0,314.0,314,335,334,83.0,84.0,83.0,83.0,85.0,85.0,88.0,89.0,89.0,89.0,84.0,84.0,92.0,92.0,92.0,92.0,92.0,92.0,92.0,92,122,121
18,881.0,880.0,894.0,914.0,921.0,928.0,947.0,964.0,1006.0,1007.0,1022.0,1027.0,1039.0,1040.0,1046.0,1046.0,1046.0,1056.0,1061.0,1061,1096,1098,1335.0,1337.0,1369.0,1390.0,1402.0,1417.0,1450.0,1469.0,1506.0,1512.0,1527.0,1531.0,1548.0,1555.0,1569.0,1572.0,1576.0,1588.0,1603.0,1603,1632,1635,64.0,64.0,68.0,66.0,64.0,65.0,66.0,68.0,74.0,74.0,74.0,75.0,75.0,75.0,74.0,74.0,74.0,75.0,75.0,75.0,76.0,76.0,56.0,56.0,59.0,59.0,56.0,57.0,58.0,60.0,61.0,61.0,62.0,63.0,64.0,64.0,64.0,64.0,64.0,64.0,64.0,64.0,64.0,64.0,16.0,16.0,16.0,16.0,16.0,16.0,16.0,16.0,16.0,16.0,16.0,16.0,16.0,16.0,16.0,16.0,16.0,16.0,16.0,16.0,16.0,16.0,,,,,,,,,,,,,,,,,,,,,,,111.0,111.0,112.0,112.0,113.0,115.0,116.0,114.0,123.0,123.0,123.0,123.0,122.0,122.0,123.0,123.0,123.0,124.0,124.0,124,128,128,8.0,8.0,9.0,9.0,9.0,9.0,9.0,9.0,9.0,9.0,9.0,9.0,9.0,9.0,9.0,9.0,9.0,9.0,9.0,9.0,9.0,9.0,734.0,735.0,748.0,751.0,766.0,768.0,772.0,775.0,787.0,789.0,792.0,797.0,797.0,797.0,804.0,804.0,805.0,805.0,806.0,806.0,807.0,806.0,2708.0,2710.0,2772.0,2839.0,2894.0,2936.0,2984.0,3014.0,3151.0,3172.0,3225.0,3250.0,3267.0,3268.0,3291.0,3298.0,3304.0,3346.0,3355.0,3357,3401,3403,339.0,339.0,340.0,348.0,344.0,353.0,357.0,358.0,375.0,375.0,379.0,379.0,386.0,386.0,389.0,390.0,390.0,390.0,395.0,396,425,424
19,639.0,642.0,674.0,672.0,716.0,720.0,726.0,743.0,753.0,753.0,779.0,785.0,787.0,783.0,784.0,784.0,780.0,811.0,860.0,860,865,865,463.0,463.0,485.0,485.0,502.0,506.0,511.0,520.0,522.0,523.0,546.0,556.0,556.0,556.0,556.0,556.0,551.0,574.0,590.0,590,591,591,86.0,86.0,86.0,86.0,91.0,91.0,93.0,94.0,95.0,94.0,95.0,91.0,91.0,91.0,91.0,91.0,90.0,94.0,97.0,97.0,97.0,97.0,47.0,47.0,46.0,46.0,45.0,45.0,47.0,48.0,49.0,49.0,49.0,49.0,49.0,49.0,49.0,49.0,49.0,51.0,51.0,51.0,51.0,51.0,29.0,29.0,29.0,29.0,29.0,29.0,29.0,30.0,30.0,30.0,31.0,32.0,32.0,32.0,32.0,32.0,32.0,32.0,32.0,32.0,32.0,32.0,4.0,4.0,4.0,4.0,4.0,4.0,4.0,4.0,4.0,4.0,4.0,4.0,4.0,4.0,4.0,4.0,4.0,4.0,5.0,5.0,5.0,5.0,52.0,52.0,54.0,53.0,54.0,56.0,56.0,57.0,55.0,55.0,56.0,57.0,58.0,58.0,58.0,58.0,57.0,59.0,63.0,63,63,63,11.0,11.0,11.0,11.0,11.0,11.0,11.0,11.0,11.0,11.0,11.0,11.0,11.0,11.0,11.0,11.0,11.0,11.0,14.0,14.0,14.0,14.0,43.0,43.0,44.0,44.0,48.0,48.0,51.0,51.0,53.0,53.0,53.0,55.0,55.0,55.0,55.0,55.0,55.0,56.0,56.0,56.0,56.0,56.0,910.0,906.0,965.0,965.0,1010.0,1010.0,1020.0,1057.0,1062.0,1062.0,1089.0,1106.0,1108.0,1109.0,1110.0,1110.0,1095.0,1127.0,1169.0,1169,1169,1169,594.0,595.0,646.0,646.0,723.0,736.0,738.0,749.0,772.0,773.0,795.0,821.0,821.0,817.0,817.0,817.0,808.0,890.0,1030.0,1030,1043,1043
20,1146.0,1134.0,1145.0,1243.0,1235.0,1237.0,1252.0,1236.0,1235.0,1260.0,1408.0,1410.0,1429.0,1433.0,1432.0,1432.0,1438.0,1344.0,1278.0,1279,1278,1309,633.0,633.0,647.0,731.0,729.0,733.0,755.0,750.0,744.0,772.0,849.0,851.0,861.0,861.0,863.0,857.0,862.0,819.0,815.0,817,822,824,93.0,92.0,92.0,105.0,106.0,107.0,107.0,107.0,108.0,111.0,114.0,114.0,114.0,114.0,114.0,114.0,115.0,107.0,107.0,107.0,107.0,107.0,47.0,49.0,50.0,61.0,61.0,60.0,60.0,60.0,58.0,59.0,61.0,61.0,62.0,62.0,60.0,60.0,62.0,64.0,63.0,63.0,63.0,61.0,18.0,18.0,18.0,20.0,21.0,21.0,19.0,18.0,18.0,18.0,19.0,19.0,20.0,20.0,20.0,20.0,21.0,18.0,18.0,18.0,18.0,18.0,5.0,5.0,5.0,5.0,5.0,5.0,5.0,5.0,5.0,5.0,5.0,5.0,5.0,5.0,5.0,5.0,5.0,5.0,5.0,5.0,5.0,5.0,123.0,121.0,123.0,136.0,139.0,140.0,141.0,140.0,138.0,144.0,154.0,154.0,152.0,152.0,154.0,154.0,155.0,145.0,147.0,147,147,149,15.0,14.0,15.0,11.0,12.0,12.0,13.0,13.0,13.0,13.0,13.0,13.0,13.0,13.0,13.0,13.0,13.0,12.0,12.0,12.0,12.0,12.0,19.0,19.0,19.0,24.0,24.0,24.0,24.0,25.0,26.0,28.0,31.0,31.0,29.0,29.0,29.0,29.0,29.0,31.0,31.0,31.0,31.0,31.0,941.0,948.0,969.0,1075.0,1063.0,1066.0,1092.0,1089.0,1105.0,1139.0,1281.0,1285.0,1291.0,1289.0,1269.0,1268.0,1274.0,1240.0,1239.0,1239,1238,1247,2580.0,2519.0,2553.0,2593.0,2489.0,2526.0,2550.0,2537.0,2530.0,2609.0,2813.0,2835.0,2827.0,2827.0,2821.0,2821.0,2836.0,2563.0,2519.0,2521,2548,2559
21,712.0,717.0,721.0,722.0,719.0,733.0,742.0,745.0,751.0,811.0,831.0,872.0,936.0,937.0,971.0,1012.0,1020.0,1021.0,1049.0,1080,1099,1108,624.0,628.0,635.0,638.0,638.0,658.0,679.0,681.0,685.0,718.0,738.0,773.0,824.0,829.0,858.0,906.0,927.0,928.0,944.0,951,960,965,61.0,62.0,63.0,63.0,68.0,77.0,79.0,79.0,83.0,85.0,85.0,91.0,97.0,98.0,102.0,105.0,105.0,105.0,109.0,113.0,110.0,112.0,112.0,113.0,113.0,113.0,115.0,115.0,120.0,120.0,119.0,128.0,128.0,130.0,132.0,132.0,133.0,136.0,138.0,138.0,140.0,141.0,143.0,143.0,10.0,10.0,10.0,10.0,7.0,10.0,10.0,10.0,11.0,11.0,12.0,12.0,12.0,12.0,12.0,12.0,12.0,12.0,13.0,13.0,13.0,14.0,31.0,31.0,31.0,31.0,15.0,15.0,15.0,15.0,15.0,17.0,17.0,17.0,17.0,17.0,17.0,17.0,17.0,17.0,17.0,17.0,17.0,17.0,93.0,94.0,94.0,94.0,95.0,96.0,100.0,99.0,102.0,102.0,103.0,107.0,111.0,111.0,113.0,119.0,121.0,121.0,122.0,122,122,122,1.0,3.0,3.0,3.0,4.0,4.0,4.0,4.0,4.0,3.0,3.0,3.0,3.0,3.0,6.0,6.0,6.0,6.0,6.0,7.0,7.0,7.0,33.0,33.0,36.0,36.0,37.0,37.0,37.0,37.0,39.0,39.0,39.0,39.0,40.0,40.0,42.0,42.0,42.0,42.0,43.0,44.0,44.0,44.0,1189.0,1206.0,1215.0,1218.0,1182.0,1206.0,1217.0,1218.0,1253.0,1273.0,1302.0,1382.0,1435.0,1436.0,1490.0,1566.0,1571.0,1574.0,1608.0,1611,1624,1640,650.0,668.0,670.0,669.0,660.0,685.0,696.0,695.0,736.0,855.0,881.0,942.0,1072.0,1072.0,1171.0,1211.0,1229.0,1235.0,1270.0,1311,1352,1365
22,1107.0,1114.0,1151.0,1151.0,1176.0,1198.0,1239.0,1248.0,1283.0,1288.0,1328.0,1347.0,1370.0,1370.0,1402.0,1409.0,1417.0,1419.0,1458.0,1480,1521,1538,647.0,660.0,679.0,679.0,693.0,700.0,721.0,722.0,741.0,746.0,754.0,765.0,776.0,781.0,812.0,816.0,822.0,822.0,846.0,863,881,885,105.0,104.0,106.0,106.0,110.0,113.0,116.0,116.0,119.0,119.0,120.0,123.0,126.0,126.0,133.0,133.0,131.0,131.0,131.0,131.0,132.0,131.0,70.0,77.0,78.0,78.0,80.0,82.0,82.0,82.0,83.0,84.0,84.0,85.0,85.0,85.0,87.0,87.0,86.0,86.0,87.0,87.0,94.0,95.0,23.0,25.0,25.0,25.0,25.0,25.0,26.0,26.0,26.0,26.0,26.0,28.0,28.0,28.0,28.0,28.0,28.0,28.0,29.0,29.0,29.0,29.0,4.0,4.0,4.0,4.0,4.0,4.0,4.0,4.0,4.0,4.0,4.0,6.0,6.0,6.0,6.0,6.0,6.0,6.0,6.0,6.0,6.0,6.0,130.0,133.0,137.0,137.0,140.0,141.0,143.0,143.0,145.0,146.0,146.0,148.0,158.0,159.0,162.0,162.0,163.0,163.0,164.0,168,170,167,18.0,20.0,22.0,23.0,24.0,24.0,26.0,26.0,26.0,26.0,26.0,27.0,27.0,26.0,26.0,26.0,27.0,27.0,29.0,29.0,33.0,32.0,32.0,32.0,33.0,33.0,33.0,33.0,33.0,33.0,33.0,33.0,33.0,33.0,33.0,33.0,33.0,33.0,33.0,33.0,33.0,33.0,33.0,33.0,1311.0,1337.0,1373.0,1378.0,1405.0,1423.0,1451.0,1452.0,1481.0,1486.0,1515.0,1523.0,1563.0,1574.0,1679.0,1687.0,1737.0,1737.0,1791.0,1859,1904,1907,2011.0,2032.0,2167.0,2168.0,2239.0,2324.0,2415.0,2450.0,2494.0,2519.0,2625.0,2717.0,2756.0,2762.0,2778.0,2807.0,2860.0,2866.0,2956.0,3023,3103,3128
23,159.0,159.0,159.0,159.0,158.0,158.0,158.0,189.0,189.0,189.0,190.0,190.0,190.0,190.0,208.0,208.0,208.0,225.0,227.0,227,228,227,114.0,114.0,114.0,114.0,114.0,114.0,114.0,128.0,128.0,129.0,131.0,131.0,131.0,131.0,142.0,142.0,142.0,160.0,162.0,162,162,162,8.0,8.0,8.0,8.0,8.0,8.0,8.0,19.0,19.0,19.0,19.0,19.0,19.0,19.0,20.0,20.0,20.0,23.0,23.0,23.0,23.0,23.0,8.0,8.0,8.0,8.0,8.0,8.0,8.0,10.0,10.0,10.0,10.0,10.0,10.0,10.0,13.0,13.0,13.0,16.0,15.0,15.0,15.0,15.0,6.0,6.0,6.0,6.0,6.0,6.0,6.0,6.0,6.0,6.0,6.0,6.0,6.0,6.0,5.0,5.0,5.0,6.0,6.0,6.0,6.0,6.0,,,,,,,,,,,,,,,,,,,,,,,15.0,15.0,15.0,15.0,15.0,15.0,15.0,15.0,15.0,15.0,15.0,15.0,15.0,15.0,10.0,10.0,10.0,14.0,14.0,14,14,14,2.0,2.0,2.0,2.0,2.0,2.0,2.0,3.0,3.0,3.0,3.0,3.0,3.0,3.0,3.0,3.0,3.0,2.0,2.0,2.0,2.0,2.0,2.0,2.0,2.0,2.0,2.0,2.0,2.0,4.0,4.0,5.0,7.0,7.0,7.0,7.0,5.0,5.0,5.0,6.0,4.0,4.0,4.0,4.0,127.0,127.0,127.0,127.0,127.0,127.0,127.0,157.0,157.0,157.0,160.0,160.0,160.0,160.0,169.0,169.0,169.0,188.0,190.0,190,190,195,280.0,281.0,281.0,281.0,281.0,281.0,281.0,383.0,383.0,383.0,383.0,383.0,383.0,382.0,415.0,415.0,415.0,442.0,450.0,450,450,450
24,29.0,29.0,30.0,25.0,25.0,25.0,25.0,25.0,25.0,25.0,26.0,29.0,29.0,29.0,29.0,29.0,29.0,29.0,29.0,29,30,30,22.0,22.0,22.0,19.0,19.0,19.0,19.0,19.0,19.0,19.0,19.0,19.0,19.0,18.0,18.0,18.0,18.0,18.0,18.0,19,18,18,3.0,3.0,3.0,3.0,3.0,3.0,3.0,3.0,3.0,3.0,4.0,4.0,4.0,4.0,4.0,4.0,4.0,4.0,4.0,4.0,4.0,4.0,6.0,6.0,6.0,4.0,4.0,4.0,4.0,4.0,4.0,4.0,4.0,4.0,4.0,4.0,4.0,4.0,4.0,4.0,4.0,4.0,4.0,4.0,,,,,,,,,,,,,,,,,,,,,,,,,,,,,,,,,,,,,,,,,,,,,2.0,2.0,2.0,2.0,2.0,2.0,2.0,2.0,2.0,2.0,2.0,2.0,2.0,2.0,2.0,2.0,2.0,2.0,2.0,2,3,3,,,,,,,,,,,,,,,,,,,,,,,,,,,,,,,,,,,,,,,,,,,,,22.0,22.0,22.0,24.0,24.0,24.0,24.0,24.0,24.0,24.0,26.0,26.0,27.0,24.0,24.0,24.0,24.0,24.0,24.0,24,26,26,42.0,45.0,45.0,45.0,45.0,45.0,45.0,45.0,45.0,45.0,49.0,49.0,49.0,52.0,52.0,52.0,52.0,52.0,52.0,50,50,50
25,973.0,974.0,1021.0,1033.0,1044.0,1044.0,1083.0,1091.0,1096.0,1097.0,1111.0,1110.0,1158.0,1158.0,1158.0,1159.0,1160.0,1160.0,776.0,778,787,787,522.0,523.0,560.0,563.0,570.0,570.0,596.0,598.0,603.0,605.0,616.0,614.0,629.0,629.0,630.0,632.0,633.0,633.0,394.0,397,401,401,100.0,100.0,108.0,108.0,108.0,108.0,113.0,112.0,112.0,112.0,113.0,113.0,115.0,115.0,115.0,115.0,115.0,115.0,82.0,82.0,82.0,82.0,68.0,68.0,70.0,68.0,68.0,68.0,73.0,73.0,73.0,74.0,75.0,75.0,76.0,76.0,76.0,76.0,76.0,76.0,52.0,51.0,51.0,51.0,30.0,30.0,30.0,30.0,30.0,30.0,31.0,32.0,32.0,32.0,32.0,32.0,32.0,32.0,32.0,32.0,32.0,32.0,16.0,17.0,17.0,17.0,10.0,10.0,9.0,9.0,9.0,9.0,9.0,9.0,9.0,9.0,9.0,9.0,10.0,10.0,10.0,10.0,10.0,10.0,8.0,8.0,8.0,8.0,92.0,92.0,103.0,98.0,99.0,99.0,99.0,99.0,100.0,100.0,102.0,102.0,109.0,110.0,111.0,111.0,112.0,112.0,70.0,71,69,69,14.0,14.0,15.0,15.0,15.0,15.0,15.0,15.0,15.0,16.0,16.0,16.0,16.0,16.0,16.0,16.0,16.0,16.0,9.0,9.0,9.0,9.0,9.0,9.0,9.0,9.0,9.0,9.0,9.0,9.0,9.0,9.0,9.0,9.0,11.0,11.0,11.0,11.0,11.0,11.0,6.0,6.0,6.0,6.0,1044.0,1044.0,1111.0,1125.0,1145.0,1145.0,1204.0,1207.0,1213.0,1221.0,1235.0,1233.0,1291.0,1291.0,1291.0,1302.0,1305.0,1305.0,858.0,865,878,878,1161.0,1162.0,1248.0,1260.0,1282.0,1282.0,1298.0,1294.0,1304.0,1303.0,1307.0,1306.0,1391.0,1391.0,1390.0,1393.0,1393.0,1393.0,921.0,927,928,928
26,1562.0,1567.0,1580.0,1619.0,1629.0,1630.0,1637.0,1668.0,1727.0,1725.0,1765.0,1772.0,1796.0,1802.0,1808.0,1808.0,1801.0,1819.0,1821.0,1815,1793,1809,2062.0,2066.0,2083.0,2104.0,2115.0,2116.0,2168.0,2212.0,2268.0,2271.0,2313.0,2334.0,2372.0,2374.0,2381.0,2381.0,2378.0,2395.0,2399.0,2414,2372,2376,285.0,285.0,287.0,288.0,288.0,289.0,293.0,295.0,311.0,309.0,315.0,315.0,321.0,321.0,322.0,322.0,326.0,329.0,333.0,324.0,318.0,319.0,200.0,200.0,202.0,204.0,203.0,203.0,201.0,204.0,212.0,211.0,215.0,217.0,219.0,219.0,219.0,219.0,221.0,222.0,222.0,214.0,208.0,211.0,52.0,51.0,51.0,51.0,51.0,51.0,51.0,53.0,53.0,53.0,55.0,54.0,54.0,54.0,54.0,54.0,53.0,56.0,56.0,53.0,51.0,51.0,,,,,,,,,,,,,,,,,,,,,,,233.0,233.0,235.0,240.0,241.0,237.0,245.0,246.0,253.0,252.0,250.0,250.0,256.0,255.0,255.0,255.0,255.0,255.0,255.0,255,253,254,11.0,12.0,13.0,13.0,14.0,14.0,15.0,15.0,15.0,13.0,13.0,13.0,13.0,13.0,13.0,13.0,14.0,13.0,13.0,15.0,15.0,15.0,98.0,98.0,98.0,98.0,98.0,98.0,98.0,98.0,100.0,100.0,99.0,99.0,99.0,99.0,99.0,99.0,98.0,98.0,98.0,99.0,99.0,99.0,2741.0,2751.0,2782.0,2819.0,2832.0,2835.0,2876.0,2893.0,2980.0,2983.0,3021.0,3045.0,3112.0,3113.0,3117.0,3117.0,3075.0,3101.0,3109.0,3122,3095,3113,760.0,763.0,770.0,776.0,778.0,780.0,790.0,799.0,836.0,831.0,849.0,852.0,875.0,876.0,878.0,878.0,890.0,902.0,905.0,909,898,904
27,31.0,31.0,32.0,32.0,32.0,32.0,32.0,32.0,32.0,32.0,32.0,32.0,32.0,32.0,32.0,32.0,32.0,32.0,32.0,32,32,32,15.0,15.0,18.0,18.0,19.0,19.0,19.0,19.0,19.0,19.0,19.0,19.0,19.0,19.0,19.0,19.0,19.0,19.0,19.0,19,19,19,4.0,4.0,4.0,4.0,4.0,4.0,4.0,4.0,4.0,4.0,4.0,4.0,4.0,4.0,4.0,4.0,4.0,4.0,4.0,4.0,4.0,4.0,6.0,6.0,6.0,6.0,6.0,6.0,6.0,6.0,6.0,6.0,6.0,6.0,6.0,6.0,6.0,6.0,6.0,6.0,6.0,6.0,6.0,6.0,,,,,,,,,,,,,,,,,,,,,,,,,1.0,1.0,1.0,1.0,1.0,1.0,1.0,1.0,1.0,1.0,1.0,1.0,1.0,1.0,1.0,1.0,1.0,1.0,1.0,1.0,4.0,4.0,4.0,4.0,4.0,4.0,4.0,4.0,4.0,4.0,4.0,4.0,4.0,4.0,4.0,4.0,4.0,4.0,4.0,4,4,4,,,,,,,,,,,,,,,,,,,,,,,1.0,1.0,1.0,1.0,1.0,1.0,1.0,1.0,1.0,1.0,1.0,1.0,1.0,1.0,1.0,1.0,1.0,1.0,1.0,1.0,1.0,1.0,71.0,71.0,74.0,74.0,74.0,74.0,74.0,74.0,74.0,74.0,74.0,74.0,74.0,74.0,74.0,74.0,74.0,74.0,74.0,74,74,74,10.0,10.0,10.0,10.0,10.0,10.0,10.0,10.0,10.0,10.0,10.0,10.0,10.0,10.0,10.0,10.0,10.0,10.0,10.0,10,10,10
28,375.0,330.0,377.0,377.0,395.0,395.0,395.0,405.0,406.0,406.0,407.0,408.0,410.0,414.0,414.0,414.0,414.0,413.0,417.0,417,417,418,220.0,174.0,223.0,222.0,233.0,234.0,234.0,244.0,245.0,245.0,240.0,240.0,244.0,249.0,250.0,250.0,250.0,250.0,251.0,251,251,252,35.0,34.0,35.0,35.0,37.0,37.0,37.0,41.0,41.0,41.0,41.0,41.0,41.0,41.0,41.0,41.0,41.0,41.0,41.0,41.0,41.0,41.0,34.0,25.0,34.0,34.0,35.0,35.0,35.0,36.0,36.0,36.0,36.0,36.0,38.0,38.0,38.0,38.0,38.0,38.0,37.0,37.0,37.0,37.0,4.0,3.0,4.0,4.0,4.0,4.0,4.0,4.0,4.0,4.0,4.0,4.0,4.0,4.0,4.0,4.0,4.0,4.0,4.0,4.0,4.0,4.0,1.0,1.0,1.0,1.0,1.0,1.0,1.0,1.0,1.0,1.0,1.0,1.0,1.0,1.0,1.0,1.0,1.0,1.0,1.0,1.0,1.0,1.0,76.0,73.0,77.0,77.0,80.0,80.0,80.0,82.0,82.0,82.0,80.0,80.0,80.0,79.0,80.0,80.0,80.0,80.0,80.0,80,80,80,8.0,8.0,8.0,8.0,9.0,9.0,9.0,9.0,9.0,9.0,9.0,9.0,9.0,9.0,9.0,9.0,9.0,9.0,9.0,9.0,9.0,9.0,6.0,5.0,6.0,6.0,8.0,8.0,8.0,8.0,8.0,8.0,5.0,5.0,5.0,5.0,5.0,5.0,5.0,5.0,5.0,5.0,5.0,5.0,591.0,492.0,587.0,588.0,608.0,608.0,608.0,629.0,631.0,632.0,635.0,635.0,637.0,642.0,645.0,645.0,645.0,645.0,650.0,650,650,656,368.0,337.0,374.0,374.0,395.0,395.0,395.0,400.0,401.0,401.0,402.0,402.0,405.0,407.0,408.0,408.0,408.0,408.0,408.0,408,408,410
29,782.0,783.0,666.0,667.0,674.0,674.0,665.0,665.0,693.0,706.0,716.0,719.0,725.0,725.0,725.0,725.0,857.0,776.0,776.0,776,781,786,540.0,540.0,485.0,487.0,496.0,496.0,499.0,499.0,517.0,529.0,541.0,544.0,552.0,552.0,554.0,554.0,650.0,602.0,603.0,603,606,611,87.0,87.0,80.0,80.0,80.0,80.0,80.0,80.0,87.0,89.0,90.0,90.0,90.0,90.0,90.0,90.0,97.0,93.0,93.0,93.0,93.0,93.0,63.0,63.0,57.0,58.0,58.0,58.0,58.0,58.0,59.0,60.0,60.0,60.0,60.0,60.0,60.0,60.0,64.0,63.0,64.0,64.0,64.0,64.0,7.0,7.0,6.0,6.0,6.0,6.0,6.0,6.0,7.0,7.0,7.0,7.0,7.0,7.0,7.0,7.0,7.0,7.0,7.0,7.0,7.0,7.0,2.0,2.0,2.0,2.0,2.0,2.0,2.0,2.0,2.0,2.0,2.0,2.0,2.0,2.0,2.0,2.0,2.0,2.0,2.0,2.0,2.0,2.0,80.0,80.0,70.0,70.0,70.0,70.0,69.0,69.0,73.0,76.0,76.0,77.0,79.0,79.0,79.0,79.0,97.0,85.0,85.0,85,85,85,11.0,11.0,8.0,8.0,11.0,11.0,12.0,12.0,12.0,10.0,11.0,11.0,11.0,11.0,11.0,11.0,13.0,10.0,10.0,10.0,10.0,10.0,33.0,33.0,32.0,32.0,32.0,32.0,30.0,30.0,31.0,31.0,31.0,31.0,32.0,32.0,32.0,32.0,33.0,32.0,32.0,32.0,32.0,32.0,1088.0,1088.0,1013.0,1017.0,1024.0,1024.0,1029.0,1029.0,1079.0,1087.0,1098.0,1104.0,1123.0,1123.0,1125.0,1125.0,1274.0,1202.0,1202.0,1202,1207,1212,1162.0,1162.0,929.0,928.0,929.0,929.0,939.0,940.0,972.0,998.0,1010.0,1013.0,1014.0,1014.0,1017.0,1017.0,1331.0,1188.0,1188.0,1188,1199,1203
30,798.0,798.0,795.0,795.0,793.0,793.0,793.0,789.0,797.0,797.0,797.0,798.0,798.0,798.0,798.0,798.0,799.0,798.0,798.0,798,798,801,397.0,397.0,398.0,399.0,398.0,398.0,398.0,399.0,404.0,404.0,404.0,404.0,403.0,403.0,403.0,404.0,404.0,401.0,401.0,401,401,402,84.0,84.0,83.0,83.0,83.0,83.0,83.0,83.0,84.0,84.0,84.0,84.0,84.0,84.0,84.0,84.0,84.0,84.0,84.0,84.0,84.0,84.0,39.0,39.0,39.0,39.0,39.0,39.0,39.0,38.0,38.0,38.0,38.0,38.0,38.0,38.0,38.0,38.0,38.0,38.0,38.0,38.0,38.0,38.0,27.0,27.0,27.0,27.0,27.0,27.0,27.0,27.0,27.0,27.0,27.0,27.0,27.0,27.0,27.0,27.0,27.0,27.0,27.0,27.0,27.0,27.0,5.0,5.0,5.0,5.0,5.0,5.0,5.0,5.0,5.0,5.0,5.0,5.0,5.0,5.0,5.0,5.0,5.0,5.0,5.0,5.0,5.0,5.0,97.0,97.0,97.0,97.0,97.0,97.0,97.0,95.0,94.0,94.0,94.0,95.0,96.0,96.0,96.0,96.0,96.0,96.0,96.0,96,96,96,6.0,6.0,6.0,6.0,6.0,6.0,6.0,6.0,6.0,6.0,6.0,6.0,6.0,6.0,6.0,6.0,6.0,6.0,6.0,6.0,6.0,6.0,16.0,16.0,16.0,16.0,16.0,16.0,16.0,17.0,17.0,17.0,17.0,17.0,17.0,17.0,17.0,17.0,17.0,17.0,17.0,17.0,17.0,17.0,890.0,890.0,890.0,891.0,889.0,889.0,889.0,879.0,885.0,885.0,885.0,886.0,886.0,886.0,886.0,886.0,887.0,886.0,887.0,887,887,887,801.0,801.0,795.0,795.0,793.0,793.0,793.0,795.0,816.0,816.0,816.0,816.0,816.0,816.0,816.0,816.0,821.0,820.0,820.0,820,820,822
31,251.0,251.0,253.0,270.0,270.0,270.0,271.0,274.0,290.0,291.0,300.0,305.0,324.0,327.0,327.0,327.0,330.0,330.0,332.0,332,333,333,218.0,219.0,220.0,228.0,231.0,232.0,238.0,239.0,248.0,248.0,256.0,259.0,268.0,269.0,270.0,270.0,272.0,274.0,275.0,275,276,282,20.0,20.0,20.0,21.0,21.0,21.0,21.0,22.0,23.0,22.0,24.0,24.0,28.0,28.0,28.0,28.0,28.0,28.0,28.0,28.0,28.0,28.0,19.0,19.0,20.0,21.0,21.0,21.0,23.0,23.0,23.0,23.0,24.0,24.0,24.0,24.0,24.0,24.0,24.0,24.0,24.0,24.0,24.0,25.0,1.0,1.0,1.0,1.0,1.0,2.0,2.0,2.0,2.0,2.0,2.0,2.0,2.0,2.0,2.0,2.0,2.0,2.0,2.0,2.0,2.0,2.0,1.0,1.0,,,,,,,,,,,,,,,,,,,,,37.0,37.0,37.0,37.0,38.0,38.0,38.0,39.0,40.0,40.0,40.0,40.0,43.0,43.0,43.0,43.0,43.0,43.0,43.0,43,44,44,1.0,1.0,1.0,1.0,1.0,1.0,1.0,1.0,1.0,1.0,1.0,1.0,2.0,2.0,2.0,2.0,2.0,2.0,2.0,2.0,2.0,2.0,5.0,5.0,5.0,5.0,5.0,6.0,6.0,6.0,6.0,6.0,6.0,6.0,6.0,6.0,6.0,6.0,6.0,6.0,6.0,6.0,6.0,6.0,409.0,409.0,418.0,489.0,487.0,490.0,495.0,501.0,556.0,558.0,562.0,572.0,593.0,593.0,593.0,593.0,594.0,594.0,595.0,593,593,595,379.0,379.0,384.0,400.0,405.0,409.0,426.0,432.0,437.0,438.0,450.0,453.0,481.0,482.0,482.0,482.0,484.0,485.0,490.0,491,493,496
32,29.0,28.0,28.0,28.0,28.0,28.0,31.0,29.0,30.0,30.0,31.0,31.0,31.0,31.0,31.0,31.0,31.0,31.0,31.0,31,31,33,25.0,25.0,26.0,27.0,26.0,26.0,29.0,28.0,28.0,28.0,28.0,28.0,28.0,28.0,28.0,28.0,28.0,28.0,28.0,28,28,28,6.0,6.0,6.0,6.0,4.0,4.0,4.0,4.0,4.0,4.0,4.0,4.0,4.0,4.0,4.0,4.0,4.0,4.0,4.0,4.0,4.0,4.0,3.0,3.0,3.0,3.0,3.0,3.0,3.0,3.0,3.0,3.0,3.0,3.0,3.0,3.0,3.0,3.0,3.0,3.0,3.0,3.0,3.0,3.0,2.0,2.0,2.0,2.0,2.0,2.0,2.0,2.0,2.0,2.0,2.0,2.0,2.0,2.0,2.0,2.0,2.0,2.0,2.0,2.0,2.0,2.0,,,,,,,,,,,,,,,,,,,,,,,1.0,1.0,1.0,1.0,1.0,1.0,1.0,1.0,1.0,1.0,1.0,1.0,1.0,1.0,1.0,1.0,1.0,1.0,1.0,1,1,1,,,,,,,,,,,,,,,,,,,,,,,6.0,6.0,6.0,6.0,6.0,6.0,6.0,6.0,6.0,6.0,6.0,6.0,6.0,6.0,6.0,6.0,6.0,6.0,6.0,6.0,6.0,6.0,41.0,41.0,41.0,41.0,39.0,41.0,44.0,39.0,42.0,42.0,42.0,42.0,42.0,42.0,42.0,42.0,42.0,42.0,42.0,42,42,42,25.0,26.0,26.0,26.0,25.0,25.0,29.0,27.0,27.0,27.0,27.0,27.0,27.0,27.0,27.0,27.0,27.0,27.0,27.0,27,27,27
33,875.0,875.0,895.0,896.0,905.0,905.0,916.0,916.0,921.0,940.0,944.0,957.0,952.0,953.0,964.0,964.0,996.0,996.0,1010.0,1012,1024,1024,516.0,517.0,521.0,522.0,526.0,528.0,539.0,539.0,542.0,556.0,562.0,563.0,551.0,552.0,554.0,554.0,581.0,581.0,587.0,593,604,604,70.0,70.0,72.0,72.0,73.0,73.0,73.0,73.0,73.0,76.0,77.0,77.0,77.0,76.0,76.0,76.0,82.0,82.0,83.0,84.0,92.0,92.0,53.0,53.0,53.0,53.0,52.0,52.0,54.0,54.0,54.0,54.0,54.0,54.0,54.0,54.0,55.0,55.0,56.0,56.0,56.0,56.0,59.0,59.0,56.0,56.0,55.0,55.0,56.0,56.0,56.0,56.0,56.0,56.0,56.0,56.0,56.0,56.0,57.0,57.0,57.0,57.0,57.0,57.0,56.0,56.0,3.0,3.0,3.0,3.0,3.0,3.0,3.0,3.0,3.0,3.0,3.0,3.0,3.0,3.0,3.0,3.0,3.0,3.0,3.0,3.0,3.0,3.0,85.0,85.0,85.0,85.0,86.0,86.0,87.0,87.0,87.0,89.0,90.0,90.0,88.0,87.0,88.0,88.0,88.0,88.0,88.0,88,92,92,5.0,5.0,6.0,6.0,6.0,6.0,7.0,7.0,7.0,7.0,7.0,7.0,7.0,7.0,7.0,7.0,7.0,7.0,7.0,7.0,7.0,7.0,24.0,24.0,24.0,24.0,24.0,24.0,24.0,24.0,24.0,24.0,24.0,24.0,22.0,22.0,22.0,22.0,23.0,23.0,23.0,23.0,23.0,23.0,874.0,875.0,882.0,884.0,893.0,893.0,913.0,915.0,917.0,935.0,939.0,946.0,948.0,949.0,960.0,960.0,995.0,996.0,1013.0,1026,1012,1012,1234.0,1258.0,1299.0,1301.0,1314.0,1315.0,1341.0,1342.0,1401.0,1449.0,1460.0,1589.0,1604.0,1604.0,1602.0,1602.0,1775.0,1782.0,1818.0,1830,1853,1855
34,,,,,,,,,,,,,,,,,,,,500,535,535,,,,,,,,,,,,,,,,,,,,300,327,330,,,,,,,,,,,,,,,,,,,,22.0,21.0,21.0,,,,,,,,,,,,,,,,,,,,14.0,15.0,16.0,,,,,,,,,,,,,,,,,,,,10.0,11.0,11.0,,,,,,,,,,,,,,,,,,,,1.0,1.0,1.0,,,,,,,,,,,,,,,,,,,,23,21,22,,,,,,,,,,,,,,,,,,,,4.0,4.0,4.0,,,,,,,,,,,,,,,,,,,,4.0,4.0,4.0,,,,,,,,,,,,,,,,,,,,491,517,517,,,,,,,,,,,,,,,,,,,,1061,1111,1112
35,83.0,101.0,100.0,100.0,100.0,100.0,100.0,100.0,100.0,100.0,100.0,100.0,100.0,107.0,113.0,113.0,113.0,113.0,113.0,113,113,113,47.0,55.0,54.0,54.0,57.0,57.0,57.0,57.0,57.0,57.0,57.0,57.0,57.0,66.0,68.0,67.0,67.0,68.0,68.0,68,68,68,13.0,15.0,15.0,15.0,15.0,15.0,15.0,15.0,15.0,15.0,15.0,15.0,15.0,15.0,15.0,14.0,14.0,14.0,14.0,14.0,14.0,14.0,11.0,12.0,12.0,12.0,12.0,12.0,12.0,12.0,12.0,12.0,12.0,12.0,12.0,14.0,16.0,16.0,16.0,16.0,16.0,16.0,16.0,16.0,,,,,,,,,,,,,,,,,,,,,,,6.0,6.0,5.0,5.0,5.0,5.0,5.0,5.0,5.0,5.0,5.0,5.0,5.0,5.0,5.0,5.0,5.0,5.0,5.0,5.0,5.0,5.0,17.0,21.0,20.0,20.0,20.0,20.0,20.0,20.0,20.0,20.0,20.0,20.0,21.0,19.0,16.0,16.0,16.0,16.0,16.0,16,16,16,,,,,,,,,,,,,,,,,,,,,,,2.0,2.0,2.0,2.0,2.0,2.0,2.0,2.0,2.0,2.0,2.0,2.0,2.0,2.0,3.0,3.0,3.0,3.0,3.0,3.0,3.0,3.0,102.0,129.0,128.0,128.0,130.0,130.0,131.0,131.0,131.0,131.0,131.0,131.0,131.0,144.0,150.0,149.0,149.0,149.0,149.0,149,149,149,70.0,91.0,91.0,91.0,91.0,91.0,91.0,91.0,91.0,91.0,91.0,91.0,91.0,92.0,84.0,82.0,82.0,82.0,82.0,82,82,82
36,141.0,144.0,145.0,145.0,146.0,146.0,146.0,147.0,147.0,147.0,149.0,149.0,149.0,150.0,150.0,150.0,150.0,150.0,150.0,151,151,154,314.0,315.0,318.0,318.0,323.0,323.0,323.0,324.0,324.0,323.0,328.0,332.0,332.0,333.0,333.0,333.0,333.0,333.0,334.0,335,335,336,1.0,1.0,1.0,1.0,1.0,1.0,1.0,1.0,1.0,5.0,5.0,5.0,5.0,5.0,5.0,5.0,5.0,5.0,5.0,5.0,5.0,5.0,1.0,1.0,1.0,1.0,1.0,1.0,1.0,1.0,1.0,1.0,1.0,1.0,1.0,1.0,1.0,1.0,1.0,1.0,1.0,1.0,1.0,1.0,2.0,2.0,2.0,2.0,2.0,2.0,2.0,2.0,2.0,1.0,2.0,2.0,2.0,2.0,2.0,2.0,2.0,2.0,2.0,2.0,2.0,2.0,,,,,,,,,,,,,,,,,,,,,,,22.0,24.0,25.0,25.0,25.0,25.0,25.0,25.0,25.0,24.0,24.0,25.0,25.0,25.0,25.0,25.0,25.0,25.0,25.0,25,27,28,,,,,,,,,,,,,,,,,,,1.0,1.0,1.0,1.0,1.0,1.0,1.0,1.0,1.0,1.0,1.0,1.0,1.0,1.0,1.0,1.0,1.0,1.0,1.0,1.0,1.0,1.0,1.0,1.0,1.0,1.0,337.0,338.0,341.0,341.0,345.0,345.0,345.0,345.0,345.0,348.0,353.0,356.0,356.0,356.0,356.0,356.0,356.0,356.0,356.0,356,358,358,440.0,443.0,455.0,457.0,466.0,466.0,469.0,469.0,469.0,473.0,478.0,483.0,483.0,485.0,485.0,485.0,485.0,486.0,486.0,487,494,497
37,98.0,103.0,105.0,109.0,109.0,111.0,114.0,114.0,117.0,117.0,140.0,145.0,147.0,163.0,163.0,164.0,164.0,163.0,162.0,165,165,167,97.0,98.0,99.0,106.0,106.0,106.0,110.0,117.0,121.0,121.0,144.0,150.0,150.0,154.0,154.0,154.0,154.0,153.0,157.0,160,161,162,12.0,12.0,13.0,14.0,15.0,15.0,14.0,15.0,15.0,15.0,15.0,17.0,17.0,18.0,17.0,17.0,17.0,16.0,16.0,16.0,16.0,16.0,10.0,10.0,10.0,11.0,11.0,11.0,11.0,13.0,14.0,14.0,16.0,16.0,16.0,16.0,16.0,16.0,16.0,16.0,17.0,17.0,17.0,17.0,1.0,1.0,1.0,1.0,1.0,1.0,2.0,3.0,3.0,3.0,3.0,4.0,5.0,7.0,7.0,7.0,7.0,7.0,7.0,7.0,7.0,7.0,,,,,,,,,,,,,,,,,,,,,,,3.0,4.0,4.0,5.0,5.0,5.0,7.0,8.0,7.0,7.0,18.0,18.0,18.0,19.0,19.0,19.0,19.0,18.0,18.0,19,19,19,,,,,,,,,,,,,,,,,,,,,,,3.0,3.0,3.0,3.0,3.0,3.0,3.0,3.0,3.0,3.0,3.0,3.0,3.0,3.0,3.0,3.0,3.0,3.0,3.0,3.0,3.0,3.0,92.0,93.0,97.0,103.0,104.0,109.0,108.0,116.0,125.0,125.0,150.0,159.0,159.0,173.0,173.0,175.0,175.0,177.0,178.0,182,182,182,43.0,43.0,49.0,51.0,50.0,51.0,48.0,45.0,45.0,45.0,51.0,54.0,54.0,58.0,59.0,59.0,59.0,58.0,59.0,60,60,60
38,601.0,608.0,628.0,638.0,646.0,649.0,657.0,658.0,676.0,679.0,693.0,693.0,708.0,709.0,720.0,719.0,722.0,722.0,738.0,742,777,778,410.0,415.0,422.0,426.0,420.0,424.0,420.0,421.0,437.0,437.0,449.0,450.0,459.0,460.0,471.0,474.0,479.0,479.0,488.0,505,520,529,72.0,74.0,74.0,73.0,75.0,75.0,72.0,73.0,71.0,71.0,72.0,72.0,72.0,72.0,74.0,76.0,76.0,76.0,76.0,76.0,77.0,77.0,45.0,46.0,47.0,49.0,50.0,50.0,50.0,50.0,52.0,52.0,52.0,52.0,52.0,52.0,51.0,51.0,51.0,51.0,52.0,52.0,56.0,56.0,11.0,11.0,11.0,9.0,9.0,8.0,8.0,8.0,8.0,8.0,8.0,8.0,8.0,8.0,8.0,8.0,8.0,8.0,8.0,8.0,8.0,8.0,1.0,1.0,1.0,1.0,1.0,1.0,1.0,1.0,1.0,1.0,1.0,1.0,1.0,1.0,1.0,1.0,1.0,1.0,1.0,1.0,1.0,1.0,85.0,85.0,81.0,80.0,79.0,80.0,81.0,81.0,82.0,82.0,84.0,85.0,85.0,85.0,84.0,84.0,84.0,84.0,84.0,85,87,88,12.0,12.0,12.0,12.0,13.0,14.0,14.0,14.0,14.0,14.0,14.0,14.0,14.0,14.0,16.0,16.0,16.0,16.0,16.0,16.0,16.0,18.0,28.0,29.0,29.0,29.0,26.0,26.0,25.0,25.0,28.0,28.0,29.0,29.0,30.0,30.0,31.0,31.0,31.0,31.0,31.0,31.0,31.0,31.0,712.0,718.0,731.0,743.0,758.0,760.0,775.0,777.0,816.0,819.0,832.0,832.0,846.0,846.0,868.0,874.0,877.0,879.0,895.0,902,939,937,585.0,594.0,598.0,614.0,613.0,615.0,637.0,639.0,686.0,690.0,712.0,713.0,728.0,734.0,755.0,756.0,756.0,760.0,782.0,788,808,810
39,131.0,146.0,146.0,146.0,146.0,146.0,146.0,146.0,153.0,153.0,154.0,154.0,154.0,154.0,154.0,154.0,154.0,154.0,154.0,154,154,152,70.0,84.0,85.0,85.0,90.0,90.0,92.0,92.0,104.0,104.0,101.0,101.0,101.0,101.0,101.0,101.0,101.0,101.0,103.0,103,103,98,12.0,12.0,13.0,13.0,13.0,13.0,13.0,13.0,14.0,14.0,14.0,14.0,14.0,14.0,14.0,14.0,14.0,14.0,14.0,14.0,14.0,14.0,10.0,10.0,10.0,10.0,11.0,11.0,11.0,11.0,13.0,13.0,13.0,13.0,13.0,13.0,13.0,13.0,13.0,13.0,13.0,13.0,13.0,13.0,5.0,5.0,5.0,5.0,5.0,5.0,5.0,5.0,5.0,5.0,5.0,5.0,5.0,5.0,5.0,5.0,5.0,5.0,5.0,5.0,5.0,5.0,,,,,,,,,,,,,,,,,,,,,,,16.0,19.0,19.0,19.0,19.0,19.0,19.0,19.0,20.0,20.0,20.0,20.0,20.0,20.0,20.0,20.0,20.0,20.0,20.0,20,20,20,,,,,,,,,,,,,,,,,,,,,,,2.0,2.0,2.0,2.0,2.0,2.0,2.0,2.0,4.0,4.0,4.0,4.0,4.0,4.0,4.0,4.0,4.0,4.0,4.0,4.0,4.0,4.0,132.0,152.0,153.0,153.0,156.0,157.0,157.0,157.0,169.0,169.0,171.0,171.0,181.0,181.0,181.0,181.0,181.0,181.0,181.0,181,181,180,150.0,153.0,151.0,151.0,153.0,153.0,153.0,153.0,173.0,173.0,170.0,170.0,170.0,170.0,170.0,170.0,170.0,170.0,170.0,170,170,169
40,297.0,297.0,300.0,307.0,210.0,212.0,212.0,212.0,208.0,209.0,216.0,216.0,216.0,216.0,216.0,216.0,219.0,220.0,221.0,223,226,226,157.0,157.0,160.0,163.0,160.0,159.0,160.0,160.0,159.0,160.0,166.0,166.0,166.0,166.0,166.0,166.0,171.0,171.0,173.0,171,171,171,35.0,35.0,35.0,35.0,10.0,12.0,12.0,12.0,12.0,12.0,12.0,12.0,12.0,12.0,12.0,12.0,12.0,12.0,12.0,12.0,12.0,12.0,12.0,12.0,12.0,12.0,8.0,8.0,8.0,8.0,8.0,8.0,9.0,9.0,9.0,9.0,9.0,9.0,10.0,10.0,10.0,10.0,10.0,10.0,10.0,10.0,10.0,10.0,3.0,2.0,2.0,2.0,2.0,2.0,2.0,2.0,2.0,2.0,2.0,2.0,2.0,2.0,2.0,2.0,2.0,2.0,5.0,5.0,5.0,5.0,,,,,,,,,,,,,,,,,,,48.0,48.0,48.0,48.0,25.0,26.0,26.0,26.0,26.0,26.0,26.0,26.0,33.0,33.0,33.0,33.0,33.0,33.0,33.0,33,34,34,5.0,5.0,5.0,5.0,,,,,,,,,,,,,,,,,,,13.0,13.0,13.0,13.0,2.0,2.0,2.0,2.0,2.0,2.0,2.0,2.0,2.0,2.0,2.0,2.0,2.0,2.0,2.0,2.0,2.0,2.0,326.0,326.0,330.0,334.0,236.0,237.0,237.0,237.0,238.0,239.0,250.0,249.0,249.0,249.0,249.0,249.0,255.0,256.0,258.0,259,262,262,519.0,519.0,525.0,534.0,366.0,365.0,364.0,364.0,363.0,363.0,389.0,390.0,387.0,387.0,386.0,386.0,393.0,393.0,396.0,396,397,397
41,162.0,162.0,162.0,162.0,164.0,164.0,164.0,165.0,165.0,165.0,171.0,171.0,115.0,115.0,126.0,126.0,126.0,126.0,127.0,128,137,139,117.0,119.0,118.0,118.0,121.0,122.0,122.0,122.0,122.0,123.0,130.0,130.0,130.0,130.0,134.0,134.0,134.0,134.0,134.0,134,140,143,16.0,16.0,16.0,16.0,16.0,16.0,16.0,16.0,16.0,16.0,16.0,16.0,8.0,8.0,8.0,8.0,8.0,8.0,8.0,8.0,8.0,10.0,16.0,16.0,16.0,16.0,16.0,16.0,16.0,16.0,16.0,16.0,17.0,17.0,13.0,13.0,13.0,13.0,13.0,13.0,13.0,13.0,13.0,14.0,3.0,3.0,3.0,3.0,3.0,3.0,3.0,3.0,3.0,3.0,3.0,3.0,3.0,3.0,3.0,3.0,3.0,3.0,3.0,3.0,3.0,3.0,1.0,1.0,1.0,1.0,1.0,1.0,1.0,1.0,1.0,1.0,1.0,1.0,,,,,,,,,,,29.0,29.0,29.0,29.0,29.0,29.0,29.0,28.0,28.0,28.0,28.0,28.0,15.0,15.0,16.0,16.0,17.0,17.0,17.0,17,18,19,3.0,3.0,3.0,3.0,3.0,3.0,3.0,3.0,3.0,3.0,3.0,3.0,3.0,3.0,3.0,3.0,3.0,3.0,3.0,3.0,4.0,4.0,5.0,5.0,5.0,5.0,5.0,5.0,5.0,5.0,5.0,5.0,5.0,5.0,1.0,1.0,1.0,1.0,1.0,1.0,1.0,1.0,1.0,1.0,257.0,257.0,257.0,257.0,259.0,261.0,261.0,261.0,262.0,262.0,267.0,267.0,183.0,183.0,199.0,199.0,199.0,199.0,202.0,202,213,224,133.0,134.0,135.0,135.0,134.0,147.0,147.0,148.0,149.0,150.0,163.0,163.0,133.0,135.0,144.0,144.0,145.0,145.0,146.0,147,163,162
42,5568.0,5615.0,5789.0,5826.0,5945.0,6064.0,6145.0,6409.0,6548.0,6730.0,6889.0,7025.0,7366.0,7370.0,7386.0,7368.0,7345.0,7431.0,7593.0,7115,7281,7327,3750.0,3817.0,3941.0,3965.0,4018.0,4123.0,4188.0,4345.0,4414.0,4554.0,4681.0,4766.0,4995.0,4998.0,5007.0,5008.0,4971.0,5057.0,5140.0,4858,4915,4940,567.0,573.0,579.0,591.0,597.0,616.0,621.0,656.0,665.0,674.0,687.0,701.0,735.0,734.0,738.0,738.0,731.0,740.0,751.0,730.0,740.0,744.0,365.0,369.0,380.0,379.0,380.0,385.0,389.0,393.0,399.0,405.0,409.0,412.0,418.0,417.0,421.0,421.0,422.0,428.0,435.0,424.0,433.0,436.0,177.0,179.0,179.0,180.0,181.0,183.0,179.0,181.0,183.0,188.0,193.0,197.0,203.0,203.0,203.0,203.0,206.0,208.0,209.0,200.0,201.0,202.0,24.0,25.0,27.0,28.0,28.0,29.0,29.0,31.0,33.0,32.0,32.0,32.0,32.0,32.0,32.0,31.0,31.0,31.0,31.0,28.0,30.0,30.0,632.0,641.0,647.0,654.0,663.0,673.0,683.0,692.0,698.0,714.0,733.0,745.0,760.0,760.0,761.0,764.0,752.0,760.0,768.0,749,747,748,56.0,56.0,60.0,60.0,61.0,62.0,66.0,70.0,66.0,67.0,68.0,69.0,68.0,68.0,67.0,66.0,65.0,68.0,68.0,64.0,65.0,65.0,214.0,216.0,205.0,205.0,208.0,232.0,232.0,232.0,236.0,237.0,239.0,239.0,238.0,238.0,238.0,238.0,225.0,228.0,227.0,224.0,226.0,226.0,6484.0,6563.0,6799.0,6849.0,6959.0,7042.0,7136.0,7467.0,7564.0,7691.0,7832.0,7947.0,8312.0,8311.0,8323.0,8359.0,8282.0,8363.0,8488.0,8022,8137,8179,8359.0,8485.0,8864.0,8938.0,9103.0,9283.0,9440.0,9957.0,10214.0,10694.0,11005.0,11281.0,11967.0,11969.0,11998.0,12014.0,12054.0,12167.0,12462.0,11460,11763,11891
43,788.0,787.0,797.0,799.0,799.0,799.0,803.0,803.0,809.0,809.0,815.0,822.0,824.0,824.0,824.0,833.0,835.0,835.0,834.0,830,842,848,466.0,466.0,471.0,473.0,474.0,474.0,479.0,485.0,486.0,488.0,498.0,507.0,508.0,513.0,514.0,515.0,518.0,518.0,517.0,518,525,533,114.0,114.0,113.0,113.0,113.0,113.0,113.0,113.0,114.0,114.0,115.0,116.0,116.0,116.0,116.0,116.0,116.0,116.0,116.0,116.0,118.0,118.0,40.0,40.0,41.0,41.0,41.0,41.0,41.0,41.0,41.0,41.0,41.0,41.0,41.0,41.0,41.0,41.0,43.0,43.0,43.0,44.0,47.0,47.0,33.0,33.0,34.0,34.0,34.0,34.0,35.0,34.0,35.0,35.0,35.0,35.0,35.0,35.0,35.0,35.0,35.0,35.0,35.0,34.0,34.0,34.0,22.0,22.0,22.0,22.0,22.0,22.0,22.0,22.0,22.0,22.0,22.0,22.0,22.0,22.0,22.0,22.0,22.0,22.0,22.0,22.0,22.0,22.0,108.0,108.0,109.0,109.0,109.0,110.0,111.0,112.0,112.0,112.0,112.0,112.0,113.0,115.0,115.0,115.0,115.0,115.0,115.0,114,114,114,12.0,12.0,13.0,13.0,13.0,13.0,13.0,13.0,14.0,14.0,14.0,14.0,15.0,15.0,15.0,15.0,15.0,15.0,15.0,15.0,15.0,15.0,19.0,19.0,20.0,20.0,20.0,20.0,20.0,20.0,20.0,20.0,20.0,20.0,20.0,20.0,20.0,20.0,20.0,20.0,20.0,20.0,20.0,20.0,773.0,775.0,767.0,773.0,773.0,773.0,779.0,781.0,790.0,790.0,797.0,798.0,798.0,800.0,800.0,805.0,805.0,806.0,806.0,807,831,838,1019.0,1013.0,1029.0,1033.0,1033.0,1034.0,1036.0,1037.0,1056.0,1056.0,1077.0,1093.0,1094.0,1099.0,1103.0,1106.0,1110.0,1115.0,1117.0,1113,1140,1152
44,133.0,133.0,133.0,133.0,151.0,152.0,153.0,153.0,153.0,153.0,154.0,154.0,155.0,155.0,155.0,155.0,142.0,143.0,143.0,143,153,153,76.0,76.0,76.0,76.0,79.0,79.0,79.0,79.0,79.0,79.0,82.0,82.0,82.0,82.0,82.0,82.0,87.0,89.0,89.0,89,93,100,9.0,9.0,9.0,9.0,9.0,9.0,9.0,9.0,9.0,9.0,9.0,9.0,9.0,9.0,9.0,9.0,9.0,9.0,9.0,9.0,10.0,11.0,10.0,10.0,10.0,10.0,10.0,10.0,10.0,10.0,10.0,10.0,10.0,10.0,10.0,10.0,10.0,10.0,11.0,11.0,11.0,11.0,11.0,12.0,3.0,3.0,3.0,3.0,3.0,3.0,3.0,3.0,3.0,3.0,3.0,3.0,3.0,3.0,3.0,3.0,3.0,3.0,3.0,3.0,4.0,4.0,,,,,,,,,,,,,,,,,,,,,,,28.0,28.0,28.0,28.0,29.0,29.0,28.0,28.0,27.0,27.0,27.0,27.0,28.0,28.0,28.0,28.0,29.0,29.0,29.0,29,29,31,,,,,,1.0,1.0,1.0,1.0,1.0,1.0,1.0,1.0,1.0,1.0,1.0,1.0,1.0,1.0,1.0,1.0,1.0,,,,,,,,,,,,,,,,,,,,,1.0,1.0,128.0,128.0,133.0,133.0,144.0,146.0,146.0,146.0,146.0,146.0,146.0,146.0,148.0,148.0,148.0,148.0,138.0,141.0,141.0,142,154,156,212.0,211.0,221.0,222.0,264.0,264.0,266.0,266.0,266.0,266.0,268.0,268.0,267.0,267.0,267.0,267.0,251.0,254.0,254.0,255,268,272
45,298.0,298.0,298.0,296.0,297.0,295.0,296.0,298.0,298.0,298.0,298.0,298.0,297.0,297.0,299.0,299.0,299.0,305.0,305.0,305,305,305,218.0,218.0,218.0,223.0,223.0,223.0,223.0,226.0,227.0,227.0,227.0,227.0,227.0,227.0,229.0,229.0,229.0,230.0,230.0,230,230,230,57.0,57.0,57.0,57.0,57.0,57.0,57.0,57.0,57.0,57.0,57.0,57.0,57.0,57.0,57.0,57.0,57.0,57.0,57.0,57.0,57.0,57.0,18.0,18.0,18.0,19.0,19.0,19.0,19.0,19.0,19.0,19.0,20.0,20.0,20.0,20.0,21.0,21.0,21.0,21.0,21.0,21.0,21.0,21.0,1.0,1.0,1.0,1.0,1.0,1.0,1.0,1.0,1.0,1.0,1.0,1.0,1.0,1.0,1.0,1.0,1.0,1.0,1.0,1.0,1.0,1.0,,,,,,,,,,,,,,,,,,,,,,,49.0,49.0,49.0,50.0,50.0,50.0,50.0,50.0,50.0,50.0,50.0,51.0,51.0,51.0,51.0,51.0,51.0,52.0,52.0,52,52,52,5.0,5.0,5.0,5.0,5.0,5.0,5.0,5.0,5.0,5.0,5.0,5.0,5.0,5.0,5.0,5.0,5.0,5.0,5.0,5.0,5.0,5.0,8.0,8.0,8.0,8.0,8.0,8.0,8.0,8.0,8.0,8.0,8.0,8.0,8.0,8.0,8.0,8.0,8.0,8.0,8.0,8.0,8.0,8.0,405.0,405.0,405.0,416.0,416.0,415.0,417.0,419.0,420.0,420.0,419.0,419.0,419.0,419.0,419.0,419.0,419.0,426.0,426.0,426,426,426,274.0,274.0,274.0,276.0,276.0,276.0,279.0,278.0,278.0,278.0,278.0,278.0,278.0,278.0,280.0,280.0,280.0,286.0,286.0,286,286,286
46,155.0,155.0,155.0,156.0,169.0,180.0,186.0,186.0,366.0,367.0,383.0,386.0,399.0,399.0,398.0,398.0,400.0,402.0,415.0,428,416,425,156.0,156.0,157.0,158.0,168.0,174.0,177.0,176.0,357.0,359.0,366.0,364.0,378.0,378.0,379.0,378.0,383.0,383.0,391.0,397,413,417,9.0,9.0,9.0,9.0,9.0,12.0,13.0,13.0,22.0,22.0,23.0,24.0,26.0,26.0,25.0,25.0,25.0,25.0,26.0,27.0,29.0,32.0,7.0,7.0,7.0,7.0,11.0,11.0,12.0,12.0,23.0,23.0,25.0,24.0,25.0,25.0,26.0,26.0,26.0,26.0,27.0,26.0,30.0,30.0,4.0,4.0,4.0,4.0,4.0,4.0,4.0,4.0,8.0,8.0,8.0,8.0,8.0,8.0,8.0,8.0,8.0,8.0,8.0,8.0,8.0,8.0,,,,,,,,,,,,,,,,,,,,,,,26.0,26.0,26.0,26.0,26.0,26.0,26.0,26.0,44.0,44.0,45.0,45.0,48.0,48.0,49.0,48.0,48.0,48.0,50.0,51,52,52,1.0,1.0,1.0,1.0,1.0,2.0,2.0,2.0,3.0,3.0,3.0,3.0,3.0,3.0,3.0,3.0,3.0,3.0,3.0,4.0,4.0,5.0,9.0,9.0,9.0,9.0,9.0,9.0,9.0,9.0,9.0,9.0,9.0,9.0,11.0,11.0,11.0,11.0,11.0,11.0,11.0,11.0,11.0,11.0,210.0,210.0,211.0,213.0,231.0,233.0,240.0,240.0,534.0,536.0,559.0,559.0,589.0,589.0,596.0,596.0,601.0,601.0,611.0,625,649,657,102.0,102.0,102.0,102.0,129.0,136.0,145.0,145.0,282.0,289.0,296.0,295.0,328.0,328.0,337.0,335.0,336.0,339.0,352.0,364,390,398
47,363.0,375.0,391.0,389.0,394.0,394.0,413.0,410.0,410.0,410.0,417.0,420.0,432.0,432.0,456.0,456.0,457.0,458.0,454.0,454,461,463,304.0,313.0,331.0,331.0,337.0,337.0,343.0,343.0,349.0,349.0,352.0,353.0,365.0,365.0,378.0,378.0,379.0,380.0,375.0,376,380,385,40.0,38.0,44.0,44.0,46.0,46.0,49.0,48.0,48.0,48.0,48.0,48.0,49.0,49.0,51.0,51.0,51.0,51.0,49.0,49.0,49.0,51.0,30.0,30.0,30.0,30.0,32.0,32.0,33.0,33.0,33.0,33.0,33.0,33.0,37.0,37.0,38.0,38.0,38.0,38.0,38.0,38.0,38.0,39.0,12.0,12.0,11.0,11.0,11.0,11.0,13.0,13.0,13.0,13.0,13.0,13.0,12.0,12.0,12.0,12.0,12.0,12.0,12.0,12.0,12.0,12.0,25.0,25.0,25.0,25.0,25.0,25.0,25.0,25.0,25.0,25.0,25.0,25.0,25.0,25.0,25.0,25.0,25.0,25.0,25.0,25.0,25.0,25.0,68.0,69.0,73.0,73.0,73.0,73.0,76.0,73.0,74.0,74.0,74.0,74.0,77.0,77.0,78.0,78.0,78.0,78.0,77.0,77,76,76,2.0,2.0,2.0,2.0,2.0,2.0,3.0,3.0,3.0,3.0,3.0,3.0,3.0,3.0,3.0,3.0,3.0,3.0,3.0,3.0,3.0,3.0,24.0,24.0,24.0,24.0,24.0,24.0,24.0,24.0,24.0,24.0,24.0,24.0,24.0,24.0,25.0,25.0,25.0,25.0,25.0,25.0,25.0,25.0,584.0,594.0,643.0,642.0,646.0,647.0,647.0,636.0,639.0,639.0,658.0,660.0,670.0,670.0,691.0,690.0,693.0,693.0,684.0,684,699,708,426.0,434.0,448.0,447.0,455.0,455.0,465.0,464.0,472.0,472.0,492.0,496.0,511.0,511.0,545.0,545.0,545.0,545.0,537.0,537,535,538
48,174.0,174.0,174.0,174.0,174.0,196.0,196.0,201.0,199.0,198.0,200.0,200.0,200.0,200.0,200.0,200.0,200.0,200.0,244.0,244,247,247,93.0,92.0,92.0,92.0,92.0,104.0,103.0,104.0,104.0,103.0,104.0,104.0,104.0,104.0,104.0,104.0,103.0,103.0,144.0,145,152,153,18.0,18.0,18.0,18.0,18.0,20.0,20.0,20.0,20.0,20.0,20.0,20.0,20.0,20.0,20.0,20.0,20.0,20.0,25.0,26.0,25.0,25.0,19.0,18.0,18.0,18.0,18.0,20.0,20.0,20.0,20.0,20.0,21.0,21.0,21.0,21.0,21.0,21.0,21.0,21.0,25.0,25.0,24.0,24.0,11.0,12.0,12.0,12.0,12.0,15.0,15.0,15.0,15.0,15.0,15.0,15.0,15.0,15.0,15.0,15.0,15.0,15.0,16.0,16.0,16.0,16.0,1.0,1.0,1.0,1.0,1.0,1.0,1.0,1.0,1.0,1.0,1.0,1.0,1.0,1.0,1.0,1.0,1.0,1.0,2.0,2.0,2.0,2.0,38.0,38.0,38.0,38.0,38.0,44.0,44.0,44.0,44.0,44.0,47.0,47.0,48.0,48.0,48.0,48.0,47.0,47.0,48.0,49,49,50,9.0,9.0,9.0,9.0,9.0,9.0,9.0,9.0,9.0,9.0,10.0,10.0,10.0,10.0,10.0,10.0,10.0,10.0,11.0,12.0,11.0,12.0,3.0,3.0,3.0,3.0,3.0,3.0,3.0,3.0,3.0,3.0,3.0,3.0,3.0,3.0,3.0,3.0,3.0,3.0,3.0,3.0,3.0,3.0,209.0,209.0,210.0,210.0,210.0,230.0,231.0,232.0,232.0,232.0,235.0,235.0,235.0,235.0,235.0,235.0,234.0,234.0,295.0,298,299,302,297.0,297.0,296.0,296.0,296.0,333.0,336.0,340.0,340.0,340.0,352.0,352.0,352.0,352.0,351.0,351.0,352.0,352.0,394.0,392,396,396
49,812.0,813.0,848.0,870.0,883.0,916.0,926.0,976.0,990.0,997.0,1047.0,1047.0,1023.0,1032.0,1064.0,1068.0,1068.0,1140.0,1143.0,1144,1168,1168,655.0,658.0,687.0,695.0,701.0,728.0,734.0,767.0,782.0,789.0,812.0,812.0,797.0,800.0,836.0,840.0,839.0,884.0,891.0,891,903,910,36.0,36.0,40.0,44.0,48.0,51.0,54.0,54.0,54.0,55.0,57.0,58.0,55.0,55.0,64.0,64.0,64.0,79.0,80.0,81.0,82.0,82.0,34.0,35.0,37.0,37.0,38.0,38.0,38.0,40.0,41.0,41.0,44.0,44.0,43.0,44.0,45.0,45.0,45.0,48.0,49.0,49.0,51.0,51.0,11.0,11.0,12.0,12.0,12.0,12.0,13.0,14.0,14.0,14.0,19.0,19.0,18.0,18.0,18.0,18.0,18.0,18.0,20.0,20.0,21.0,21.0,2.0,2.0,2.0,2.0,2.0,2.0,2.0,2.0,2.0,2.0,2.0,2.0,2.0,2.0,2.0,2.0,2.0,2.0,2.0,2.0,2.0,2.0,134.0,136.0,147.0,147.0,148.0,147.0,150.0,149.0,149.0,147.0,153.0,153.0,152.0,151.0,145.0,145.0,145.0,144.0,144.0,144,145,144,5.0,5.0,6.0,6.0,6.0,7.0,7.0,7.0,7.0,7.0,8.0,8.0,8.0,8.0,8.0,8.0,8.0,8.0,8.0,8.0,8.0,8.0,24.0,24.0,28.0,30.0,31.0,31.0,31.0,39.0,39.0,39.0,40.0,40.0,40.0,40.0,39.0,39.0,39.0,41.0,41.0,41.0,41.0,41.0,1081.0,1083.0,1133.0,1160.0,1190.0,1212.0,1231.0,1289.0,1295.0,1319.0,1374.0,1374.0,1314.0,1326.0,1374.0,1380.0,1380.0,1440.0,1449.0,1450,1493,1496,968.0,973.0,1045.0,1076.0,1104.0,1142.0,1164.0,1259.0,1277.0,1300.0,1391.0,1390.0,1352.0,1358.0,1360.0,1361.0,1368.0,1458.0,1462.0,1464,1527,1527
50,286.0,297.0,300.0,303.0,315.0,375.0,396.0,396.0,409.0,409.0,431.0,437.0,465.0,469.0,469.0,476.0,496.0,927.0,933.0,930,881,935,145.0,151.0,159.0,169.0,175.0,211.0,222.0,221.0,223.0,227.0,238.0,240.0,255.0,256.0,258.0,255.0,270.0,548.0,549.0,554,540,555,35.0,35.0,36.0,36.0,37.0,36.0,38.0,38.0,40.0,40.0,42.0,42.0,43.0,43.0,43.0,44.0,47.0,107.0,107.0,107.0,105.0,105.0,19.0,19.0,21.0,22.0,22.0,25.0,26.0,26.0,27.0,28.0,28.0,28.0,29.0,29.0,29.0,28.0,29.0,58.0,59.0,60.0,55.0,56.0,2.0,2.0,2.0,2.0,2.0,4.0,4.0,4.0,4.0,4.0,4.0,4.0,4.0,4.0,4.0,5.0,5.0,16.0,16.0,16.0,14.0,15.0,,,,,,,,,,,,,,,,,1.0,5.0,5.0,5.0,5.0,5.0,34.0,35.0,37.0,38.0,38.0,38.0,42.0,42.0,43.0,43.0,47.0,47.0,51.0,51.0,51.0,52.0,54.0,116.0,116.0,115,106,107,6.0,6.0,6.0,6.0,6.0,6.0,6.0,7.0,7.0,7.0,7.0,7.0,8.0,7.0,7.0,7.0,8.0,13.0,13.0,12.0,12.0,12.0,11.0,11.0,11.0,11.0,11.0,11.0,11.0,11.0,11.0,11.0,11.0,11.0,12.0,12.0,12.0,12.0,12.0,39.0,39.0,39.0,30.0,30.0,361.0,373.0,378.0,392.0,415.0,476.0,502.0,503.0,518.0,521.0,551.0,557.0,568.0,569.0,576.0,577.0,608.0,1362.0,1369.0,1365,1330,1360,313.0,329.0,331.0,336.0,367.0,436.0,491.0,488.0,497.0,518.0,539.0,543.0,592.0,598.0,606.0,621.0,648.0,939.0,941.0,939,901,972
51,,,,,,,,,,,,,91.0,91.0,91.0,91.0,91.0,94.0,94.0,95,95,95,,,,,,,,,,,,,54.0,54.0,54.0,54.0,54.0,54.0,55.0,59,60,60,,,,,,,,,,,,,8.0,8.0,8.0,8.0,8.0,8.0,8.0,7.0,7.0,7.0,,,,,,,,,,,,,8.0,8.0,8.0,8.0,8.0,8.0,8.0,8.0,8.0,8.0,,,,,,,,,,,,,2.0,2.0,2.0,2.0,2.0,1.0,1.0,1.0,1.0,1.0,,,,,,,,,,,,,,,,,,,,,,,,,,,,,,,,,,,13.0,13.0,13.0,13.0,13.0,13.0,13.0,13,13,13,,,,,,,,,,,,,1.0,1.0,1.0,1.0,1.0,1.0,1.0,1.0,1.0,1.0,,,,,,,,,,,,,,,,,,,,,,,,,,,,,,,,,,,148.0,148.0,148.0,148.0,148.0,154.0,154.0,162,162,162,,,,,,,,,,,,,240.0,240.0,241.0,241.0,241.0,247.0,247.0,252,253,253
52,,,,,,,,,,,,,,,,,135.0,135.0,135.0,135,135,135,,,,,,,,,,,,,,,,,134.0,134.0,134.0,134,134,134,,,,,,,,,,,,,,,,,17.0,17.0,17.0,17.0,17.0,17.0,,,,,,,,,,,,,,,,,3.0,3.0,3.0,3.0,3.0,3.0,,,,,,,,,,,,,,,,,2.0,2.0,2.0,2.0,2.0,2.0,,,,,,,,,,,,,,,,,,,,,,,,,,,,,,,,,,,,,,,19.0,19.0,19.0,19,18,18,,,,,,,,,,,,,,,,,1.0,1.0,1.0,1.0,1.0,1.0,,,,,,,,,,,,,,,,,17.0,17.0,17.0,17.0,17.0,17.0,,,,,,,,,,,,,,,,,282.0,282.0,282.0,282,282,282,,,,,,,,,,,,,,,,,131.0,131.0,131.0,131,130,130
54,,,,,,,,,,,,,,,,,163.0,163.0,165.0,165,165,165,,,,,,,,,,,,,,,,,84.0,84.0,86.0,86,86,87,,,,,,,,,,,,,,,,,11.0,11.0,11.0,11.0,11.0,11.0,,,,,,,,,,,,,,,,,10.0,10.0,10.0,10.0,10.0,10.0,,,,,,,,,,,,,,,,,1.0,1.0,1.0,1.0,1.0,1.0,,,,,,,,,,,,,,,,,,,,,,,,,,,,,,,,,,,,,,,11.0,11.0,11.0,11,11,11,,,,,,,,,,,,,,,,,1.0,1.0,1.0,1.0,1.0,1.0,,,,,,,,,,,,,,,,,3.0,3.0,3.0,3.0,3.0,3.0,,,,,,,,,,,,,,,,,163.0,163.0,163.0,163,163,164,,,,,,,,,,,,,,,,,277.0,277.0,295.0,298,298,300
